preparl_phases_id,bill_id,preparl_phases_type,preparl_phases_order,preparl_phases_start_date,preparl_phases_end_state,preparl_phases_count
315,19820072-1,03,1,1973-06-18,1978-06-30,2
316,19820072-1,04,2,1978-10-15,NA,2
1436,19830015-1,03,1,1959-06-30,1961-06-30,6
1437,19830015-1,05,2,1965-09-30,1966-05-15,6
1438,19830015-1,03,3,1968-05-15,1974-10-15,6
1439,19830015-1,05,4,1971-07-01,1971-07-30,6
1440,19830015-1,04,5,1975-07-15,1975-07-15,6
1441,19830015-1,03,6,1978-12-20,1982-01-12,6
134,19830043-1,04,1,1978-03-15,NA,3
135,19830043-1,05,2,1980-09-17,1980-09-18,3
136,19830043-1,05,3,1981-10-21,1981-10-21,3
137,19830043-2,04,1,1978-03-15,NA,3
138,19830043-2,05,2,1980-09-17,1980-09-18,3
139,19830043-2,05,3,1981-10-21,1981-10-21,3
21,19840041-2,03,1,1982-12-10,1983-07-01,2
22,19840041-2,04,2,1983-11-16,1984-01-20,2
166,19840064-1,03,1,1963-06-30,1971-06-30,5
167,19840064-1,04,2,1971-06-30,NA,5
168,19840064-1,03,3,1972-06-30,1974-06-30,5
169,19840064-1,04,4,NA,NA,5
170,19840064-1,04,5,NA,NA,5
263,19850020-1,04,1,1983-09-16,1984-02-29,1
319,19850040-1,03,1,1969-06-30,1971-06-30,4
320,19850040-1,03,2,1975-06-30,1977-06-30,4
321,19850040-1,03,3,1978-03-15,1982-02-15,4
322,19850040-1,04,4,1983-04-05,1983-09-30,4
323,19850047-1,03,1,1971-06-30,1977-01-15,2
324,19850047-1,04,2,1981-02-25,1981-09-30,2
325,19850047-2,03,1,1971-06-30,1977-01-15,2
326,19850047-2,04,2,1981-02-25,1981-09-30,2
327,19850047-3,03,1,1971-06-30,1977-01-15,2
328,19850047-3,04,2,1981-02-25,1981-09-30,2
24,19850069-1,04,1,1983-12-19,1984-05-31,1
25,19850075-1,04,1,1985-04-10,1985-07-31,1
529,19850227-1,04,1,1986-02-13,1986-06-30,2
530,19850227-1,04,2,1989-12-07,1990-02-28,2
27,19860030-1,04,1,1984-10-31,1985-07-03,1
26,19860030-2,04,1,1984-10-31,1985-07-03,1
28,19860036-1,04,1,1985-07-03,1985-11-30,1
329,19860043-1,02,1,NA,NA,2
330,19860043-1,04,2,1984-07-16,1984-11-30,2
331,19860069-1,04,1,1982-01-25,1982-08-02,1
1935,19870034-1,05,1,NA,NA,1
1936,19870034-2,05,1,NA,NA,1
67,19870036-1,03,1,1978-06-30,1980-04-15,3
68,19870036-1,03,2,1982-12-10,NA,3
69,19870036-1,04,3,1984-10-30,1985-09-30,3
332,19870039-1,04,3,1986-06-19,1986-11-01,3
395,19870039-1,02,1,NA,NA,3
396,19870039-1,02,2,NA,NA,3
70,19870044-1,04,1,1985-06-27,1985-11-30,1
333,19870046-1,02,1,NA,NA,1
1937,19870048-1,04,1,NA,NA,1
1938,19870049-1,05,1,NA,NA,1
334,19870055-1,04,1,1986-07-08,1986-12-31,1
71,19870061-1,02,1,1984-01-15,1985-10-15,2
72,19870061-1,04,2,1986-07-14,1986-12-20,2
335,19870064-1,04,1,1986-12-22,1987-05-31,1
1541,19870069-1,04,1,1983-07-01,NA,2
1542,19870069-1,04,2,NA,NA,2
1540,19870069-2,04,1,NA,NA,1
336,19870075-1,05,1,1986-08-21,1986-08-21,2
337,19870075-1,04,2,1987-02-11,1987-05-31,2
73,19870076-1,02,1,1983-07-14,NA,3
74,19870076-1,03,2,1984-05-28,1985-04-22,3
75,19870076-1,04,3,1986-07-09,1986-12-31,3
77,19870079-1,04,1,1985-12-20,1986-04-30,1
1946,19880004-1,05,1,NA,NA,1
1941,19880007-1,02,1,1987-11-23,1987-11-23,2
1942,19880007-1,05,2,1988-01-13,1988-01-13,2
1947,19880009-1,03,1,NA,NA,1
1529,19880011-1,04,2,1981-07-23,1981-11-30,3
80,19880011-1,03,1,1975-10-31,1980-06-30,3
81,19880011-1,04,3,1985-11-29,1986-06-30,3
1948,19880018-1,05,1,NA,NA,1
338,19880032-1,03,1,1977-06-30,1981-06-30,7
339,19880032-1,03,2,1979-09-15,1982-10-15,7
340,19880032-1,03,3,1982-11-15,1983-06-30,7
341,19880032-1,03,4,1980-06-30,1984-06-30,7
342,19880032-1,03,5,1983-10-15,1985-12-15,7
397,19880032-1,04,6,1984-01-25,1984-09-30,7
398,19880032-1,04,7,1987-05-27,1987-10-15,7
1949,19880034-1,05,1,NA,NA,1
1950,19880038-1,05,2,NA,NA,2
90,19880038-1,03,1,1987-08-12,1988-01-13,2
1951,19880038-2,03,1,1987-08-12,1988-01-13,2
1952,19880038-2,05,2,NA,NA,2
109,19880039-1,03,1,1980-02-20,NA,3
110,19880039-1,05,2,NA,NA,3
111,19880039-1,04,3,1985-11-04,1986-01-31,3
106,19880039-2,03,1,1980-02-20,NA,3
107,19880039-2,05,2,NA,NA,3
108,19880039-2,04,3,1984-11-19,1985-09-30,3
1953,19880039-3,03,1,1980-02-20,NA,3
1954,19880039-3,05,2,NA,NA,3
1955,19880039-3,04,3,1984-11-19,1985-09-30,3
103,19880039-4,03,1,1980-02-20,NA,3
104,19880039-4,05,2,NA,NA,3
105,19880039-4,04,3,1984-11-19,1985-09-30,3
100,19880039-5,03,1,1980-02-20,NA,3
101,19880039-5,05,2,NA,NA,3
102,19880039-5,04,3,1984-11-19,1985-09-30,3
97,19880039-6,03,1,1980-02-20,NA,3
98,19880039-6,05,2,NA,NA,3
99,19880039-6,04,3,1984-11-19,1985-09-30,3
94,19880039-7,03,1,1980-02-20,NA,3
95,19880039-7,05,2,NA,NA,3
96,19880039-7,04,3,1984-11-19,1985-09-30,3
91,19880039-8,03,1,1980-02-20,NA,3
92,19880039-8,05,2,NA,NA,3
93,19880039-8,04,3,1984-11-19,1985-09-30,3
162,19880048-1,03,1,1971-06-30,1975-06-30,4
163,19880048-1,05,2,NA,NA,4
164,19880048-1,03,3,1978-06-30,NA,4
165,19880048-1,04,4,1986-06-30,NA,4
1956,19880050-1,05,1,NA,NA,1
120,19880061-1,01,1,NA,NA,1
1944,19880061-2,01,1,NA,NA,1
123,19880062-1,03,1,1986-12-09,1987-08-15,2
124,19880062-1,04,2,1988-03-07,1988-05-13,2
399,19880065-1,05,1,1988-09-19,1988-10-03,1
128,19880066-1,03,1,1980-06-30,1985-12-15,2
129,19880066-1,04,2,1986-05-21,1987-02-28,2
131,19880066-2,03,1,1980-06-30,1985-12-15,2
132,19880066-2,04,2,1986-05-21,1987-02-28,2
1957,19880067-1,05,1,NA,NA,1
1958,19880073-1,03,1,NA,NA,2
1961,19880073-1,05,2,NA,NA,2
1959,19880073-2,03,1,NA,NA,2
1960,19880073-2,05,2,NA,NA,2
35,19880074-1,04,1,1987-07-10,1987-09-30,1
113,19880077-1,05,2,1988-11-09,1988-11-09,2
36,19880077-1,01,1,1988-09-02,1988-09-02,2
38,19880081-1,04,1,1988-03-07,1988-05-13,1
400,19880229-1,04,1,1983-06-23,1983-09-15,1
39,19880233-1,03,1,1987-11-17,1988-04-30,1
1945,19880233-2,03,1,1987-11-17,1988-04-30,1
343,19890002-1,04,1,1982-11-17,1983-09-15,1
401,19890011-1,05,1,1974-11-15,NA,6
402,19890011-1,03,2,1975-06-30,1976-06-30,6
403,19890011-1,03,3,1977-06-12,1978-05-30,6
404,19890011-1,03,4,1978-11-22,1981-06-15,6
405,19890011-1,03,5,1988-01-25,NA,6
406,19890011-1,04,6,1982-11-12,1983-06-30,6
1962,19890017-1,03,1,NA,NA,3
1963,19890017-1,05,2,NA,NA,3
1964,19890017-1,02,3,NA,NA,3
344,19890020-1,04,1,1988-06-06,1988-09-15,1
1965,19890020-2,04,1,1988-06-06,1988-09-15,1
1966,19890024-1,03,1,NA,NA,1
1967,19890034-1,05,1,NA,NA,1
365,19890036-1,03,1,NA,1988-01-01,1
1472,19890041-1,03,1,1981-09-30,1983-01-19,2
1473,19890041-1,04,2,NA,NA,2
40,19890042-1,05,1,1989-06-15,1989-06-15,1
41,19890042-2,05,1,1989-06-15,1989-06-15,1
42,19890042-3,05,1,1989-06-15,1989-06-15,1
43,19890043-1,03,1,1983-06-30,1983-06-30,5
44,19890043-1,04,2,1985-08-27,1986-05-31,5
45,19890043-1,03,3,1986-06-21,1986-09-15,5
46,19890043-1,04,4,1987-02-23,1987-05-31,5
47,19890043-1,03,5,1988-12-06,1989-03-03,5
1968,19890050-1,05,1,NA,NA,1
48,19890050-2,05,1,NA,NA,1
1543,19890051-1,04,1,1988-06-21,1988-09-30,1
49,19890053-1,04,1,1988-09-27,1988-11-18,1
51,19890062-1,03,1,1986-06-30,1987-06-30,2
52,19890062-1,04,2,1988-02-29,1988-06-30,2
1969,19890063-1,04,1,NA,1989-03-15,1
1970,19890065-1,03,1,1988-06-15,1998-08-15,1
53,19890067-1,03,1,1986-11-15,1988-08-15,1
1971,19890070-1,05,1,NA,NA,1
1972,19890073-1,04,1,1987-02-06,1987-05-31,1
54,19890077-1,03,1,1986-04-15,1989-03-15,2
55,19890077-1,04,2,1988-09-21,1989-01-31,2
345,19890078-2,04,1,1989-02-17,1989-05-31,1
56,19890079-1,03,1,1984-06-30,1985-01-15,2
57,19890079-1,04,2,1987-10-19,1988-01-15,2
1975,19890081-2,05,1,NA,NA,1
1974,19890081-3,05,1,1989-10-15,NA,1
346,19890081-6,01,1,NA,NA,1
1973,19890081-7,01,1,NA,NA,1
1976,19900012-1,02,1,NA,NA,1
116,19900017-1,04,1,NA,NA,2
117,19900017-1,04,2,NA,NA,2
1474,19900019-1,05,1,1988-06-30,1989-06-30,1
1048,19900021-1,02,1,NA,1983-12-15,2
1049,19900021-1,02,2,1988-06-30,1988-06-30,2
1475,19900025-1,03,1,NA,NA,3
1476,19900025-1,04,2,NA,NA,3
1477,19900025-1,04,3,NA,NA,3
1977,19900025-2,04,1,NA,NA,1
1978,19900025-3,04,1,NA,NA,1
58,19900030-1,03,1,1985-05-14,1986-12-23,2
59,19900030-1,04,2,1987-07-31,1988-02-29,2
1979,19900030-2,03,1,1985-05-14,1986-12-23,2
1980,19900030-2,04,2,1987-07-31,1988-02-29,2
1981,19900033-1,05,1,NA,NA,1
1982,19900036-1,03,1,NA,NA,1
60,19900045-1,03,1,1973-10-10,1976-09-15,3
61,19900045-1,03,2,1985-07-04,1986-09-29,3
62,19900045-1,04,3,1989-04-26,1989-08-31,3
1983,19900059-1,05,1,1988-10-19,NA,1
1984,19900059-2,05,1,1998-10-19,NA,1
1985,19900059-3,05,1,1998-10-19,NA,1
1479,19900059-4,05,1,1998-10-19,NA,1
1986,19900059-5,05,1,1998-10-19,NA,1
63,19900067-1,04,1,NA,NA,1
118,19900067-2,04,1,NA,NA,1
1987,19900070-1,05,1,NA,NA,1
1988,19900071-1,02,1,NA,NA,1
1989,19900074-1,04,1,1989-10-02,1989-12-31,2
1990,19900074-1,03,2,NA,NA,2
78,19900075-1,01,1,1986-08-18,NA,3
79,19900075-1,03,2,1986-10-31,1988-03-31,3
82,19900075-1,04,3,1988-09-12,1989-02-28,3
83,19900077-1,03,1,1987-07-14,NA,3
85,19900077-1,03,3,1989-07-31,NA,3
86,19900077-1,04,3,1990-09-12,1990-10-15,3
87,19900077-2,03,1,1987-07-14,NA,3
88,19900077-2,03,2,1989-07-31,NA,3
89,19900077-2,04,3,1990-09-12,1990-10-15,3
1480,19900082-1,01,1,NA,NA,1
1481,19900082-2,01,1,NA,NA,1
1482,19900086-1,04,2,1990-12-03,1991-01-20,2
1483,19900086-1,03,1,1990-06-26,1990-11-20,2
1443,19910004-1,04,1,NA,1990-12-15,1
1444,19910004-2,04,1,NA,1990-12-15,1
1442,19910004-3,04,1,NA,1990-12-15,1
381,19910019-1,03,1,1985-10-04,1989-09-15,2
382,19910019-1,04,2,1989-09-21,1990-04-30,2
112,19910022-1,04,1,NA,NA,1
171,19910032-1,03,1,1978-06-30,1983-03-15,2
172,19910032-1,04,2,1985-08-27,1986-05-31,2
173,19910032-2,04,1,1985-08-27,1986-05-30,1
174,19910034-1,03,1,1972-06-30,1975-06-30,2
175,19910034-1,04,2,1982-04-07,1982-09-30,2
1991,19910037-1,03,1,1984-06-15,1986-08-15,1
176,19910045-1,04,1,1990-01-10,1990-03-31,1
121,19910047-1,04,1,1990-07-03,1990-09-30,1
1992,19910047-2,04,1,1990-07-03,1990-09-30,1
122,19910048-1,01,1,1990-07-03,1990-09-14,2
125,19910048-1,04,2,NA,1993-09-24,2
127,19910049-1,05,1,NA,NA,1
1484,19910054-1,03,1,1989-10-15,1990-12-21,2
1485,19910054-1,04,2,1990-12-21,1991-03-31,2
133,19910062-1,01,1,1990-09-26,NA,1
1993,19910063-1,05,1,NA,NA,1
1531,19910066-1,03,1,1975-06-30,NA,2
378,19910066-1,04,2,1982-12-20,1983-06-30,2
1486,19910069-1,04,1,1991-10-17,1991-10-18,1
1487,19910069-2,04,1,1991-10-17,1991-10-18,1
177,19910071-1,03,1,1988-01-15,1988-09-30,3
178,19910071-1,03,2,1989-10-16,1990-11-02,3
179,19910071-1,04,3,1991-02-15,1991-05-15,3
1994,19910072-1,03,1,NA,NA,2
1995,19910072-1,05,2,NA,NA,2
158,19910073-1,01,1,NA,NA,3
159,19910073-1,03,2,NA,1989-06-30,3
160,19910073-1,04,3,1990-12-21,1991-05-31,3
141,19910076-1,02,2,1986-06-30,1991-04-30,2
142,19910076-1,05,3,NA,NA,2
143,19910078-1,04,1,1991-04-15,NA,1
1996,19910080-1,02,1,NA,NA,1
1997,19920007-1,05,1,NA,NA,1
1491,19920010-1,03,1,1987-07-14,1990-05-15,2
1492,19920010-1,04,2,1991-01-31,1991-04-30,2
1489,19920010-2,03,2,1989-06-30,NA,3
1490,19920010-2,04,3,1991-01-31,1991-04-30,3
1493,19920010-2,03,1,1984-06-30,1985-04-15,3
1460,19920012-1,04,1,1989-12-01,1990-03-31,1
1459,19920012-2,04,1,1989-12-01,1990-03-31,1
1461,19920012-3,04,1,1989-12-01,1990-03-31,1
1998,19920014-1,05,1,NA,NA,1
1999,19920015-1,04,1,1991-07-08,1991-09-30,1
2000,19920020-1,02,1,NA,1991-10-14,1
145,19920020-2,02,1,NA,1991-10-14,1
2001,19920021-1,03,1,1991-02-15,1991-04-15,1
146,19920022-1,03,1,1990-06-30,1991-04-30,2
147,19920022-1,04,2,NA,NA,2
148,19920026-1,03,1,1988-02-15,1990-08-15,2
149,19920026-1,04,2,1991-01-07,1991-03-31,2
1532,19920029-1,04,1,1989-12-20,1990-03-31,1
1533,19920029-2,04,1,1989-12-20,1990-03-31,1
155,19920031-1,04,1,1991-07-30,1991-09-30,1
156,19920031-2,04,1,1991-07-30,1991-09-30,1
1497,19920038-1,05,1,NA,NA,1
2002,19920038-2,05,1,NA,NA,1
1495,19920038-3,05,1,NA,NA,1
1457,19920038-4,05,1,NA,NA,1
1494,19920038-5,05,1,NA,NA,1
1458,19920038-6,05,1,NA,NA,1
23,19920044-1,05,1,NA,NA,1
2003,19920051-1,05,1,NA,NA,1
2004,19920055-1,03,1,NA,NA,1
2005,19920058-1,02,1,1991-01-15,NA,1
150,19920066-1,03,1,NA,NA,2
151,19920066-1,04,2,1991-04-30,NA,2
1435,19920067-1,04,1,1992-06-02,1992-10-31,1
1498,19920071-1,04,1,1991-12-24,1992-03-15,1
2006,19920076-1,03,1,NA,NA,1
32,19920079-1,05,1,01.03.1990,01.03.1990,2
33,19920079-1,05,2,20.09.1990,20.09.1990,2
180,19920082-1,01,1,1986-06-30,NA,4
181,19920082-1,03,2,NA,1989-06-30,4
182,19920082-1,03,3,NA,1991-12-15,4
183,19920082-1,04,4,1992-03-15,1992-05-31,4
1544,19920414-1,04,1,1995-03-15,1995-06-15,1
2007,19930002-1,05,1,NA,NA,1
152,19930006-1,04,1,1992-11-25,1992-12-31,1
2008,19930007-1,02,1,NA,NA,1
153,19930010-1,02,1,NA,NA,2
154,19930010-1,04,2,1992-11-13,1992-12-21,2
184,19930022-1,04,1,1991-06-10,1991-10-18,1
185,19930024-1,03,1,1986-06-15,1988-10-15,2
186,19930024-1,04,2,1991-01-31,1991-06-30,2
407,19930024-2,03,1,1996-06-15,1988-10-15,2
408,19930024-2,04,2,1991-01-31,1991-06-30,2
187,19930025-1,03,1,1990-06-15,1991-03-15,2
188,19930025-1,04,2,1991-06-11,1991-09-15,2
2009,19930030-1,05,1,NA,NA,1
2010,19930032-1,05,1,NA,NA,1
2011,19930035-1,02,1,1989-11-22,NA,1
190,19930039-1,04,1,1992-05-13,1992-08-05,1
191,19930039-2,04,1,1992-05-13,1992-08-05,1
31,19930041-1,04,1,NA,1992-09-30,1
192,19930045-1,04,1,NA,NA,1
2012,19930046-1,05,1,NA,NA,1
2013,19930048-3,05,1,NA,NA,1
193,19930049-1,04,1,NA,1992-04-30,1
30,19930050-1,03,1,15.02.1991,30.04.1991,1
2014,19930055-1,05,1,NA,NA,2
2015,19930055-1,03,2,1990-08-15,NA,2
2016,19930056-1,03,1,NA,NA,1
194,19930058-1,01,1,NA,NA,4
195,19930058-1,03,2,1989-06-30,NA,4
196,19930058-1,03,3,1989-06-30,NA,4
197,19930058-1,04,4,1991-03-11,1991-06-30,4
1545,19930062-1,03,1,1992-05-27,1992-12-14,1
2017,19930062-2,03,1,1992-05-27,1992-12-14,1
2018,19930062-3,03,1,1992-05-27,1992-12-14,1
201,19930063-1,04,1,1992-12-23,1993-03-15,1
202,19930063-2,04,1,1992-12-23,1993-03-15,1
208,19930066-1,04,2,1988-12-14,1989-03-21,4
210,19930066-1,05,1,1988-06-30,1988-09-15,4
214,19930066-1,05,3,1992-05-05,NA,4
215,19930066-1,04,4,1992-12-07,1993-02-28,4
209,19930066-2,04,2,1988-12-14,1989-03-21,4
211,19930066-2,05,1,1988-06-30,1988-09-15,4
212,19930066-2,05,3,1992-05-05,NA,4
213,19930066-2,04,4,1992-12-07,1993-02-28,4
216,19930068-1,04,1,NA,1993-02-15,1
220,19930072-1,04,1,NA,1992-02-15,1
290,19930072-2,04,1,na,1993-02-15,1
221,19930072-3,04,1,NA,1992-02-15,1
219,19930072-4,04,1,NA,1992-02-15,1
222,19930073-1,04,2,1992-07-01,1992-10-15,2
223,19930073-1,03,1,1992-01-13,NA,2
2019,19930074-1,04,1,1992-04-01,1992-06-30,1
224,19930075-1,03,1,1990-11-07,1991-11-23,2
227,19930075-1,04,2,1993-06-01,1993-07-08,2
249,19930077-1,01,1,NA,NA,1
248,19930077-2,01,1,NA,NA,1
2020,19930077-3,01,1,NA,NA,1
2021,19930077-4,01,1,NA,NA,1
291,19930078-1,05,1,na,na,1
292,19930078-2,05,1,na,na,1
251,19930078-3,05,1,NA,NA,1
2022,19930078-4,05,1,NA,NA,1
2023,19930078-5,05,1,NA,NA,1
2024,19930080-1,02,1,1993-03-23,1993-03-23,1
252,19930081-1,04,1,1991-03-07,1991-05-31,1
29,19930084-1,02,1,1993-06-30,1993-09-30,1
253,19930091-1,03,1,NA,NA,2
254,19930091-1,04,2,NA,1994-11-30,2
2025,19930092-1,05,1,NA,NA,1
255,19930095-1,02,1,NA,NA,3
256,19930095-1,02,2,NA,NA,3
257,19930095-1,04,3,1993-07-08,1993-09-15,3
217,19930128-1,03,1,1993-06-01,NA,2
218,19930128-1,04,2,NA,1993-11-19,2
225,19930434-1,03,1,1995-12-15,1996-05-14,2
226,19930434-1,04,2,1997-04-25,1997-08-31,2
228,19930440-1,03,1,1995-08-25,1996-02-08,1
207,19930452-1,04,1,NA,NA,1
229,19930461-1,03,1,1995-02-14,NA,2
230,19930461-1,04,2,1995-09-15,1995-12-01,2
231,19930462-1,03,1,1995-02-17,1995-05-02,1
232,19940002-1,04,1,NA,NA,1
233,19940002-2,04,1,NA,NA,1
234,19940002-3,04,1,NA,NA,1
235,19940005-1,05,1,1993-08-06,1993-09-15,1
236,19940008-1,04,1,1993-01-17,1993-05-31,1
1546,19940008-2,04,1,1993-01-17,1993-05-31,1
2026,19940012-1,05,1,NA,NA,1
243,19940013-1,03,2,1992-04-30,1992-10-31,2
246,19940013-1,04,2,1993-06-30,1993-09-24,2
250,19940015-1,05,1,NA,NA,1
2027,19940016-1,05,1,NA,NA,1
2029,19940022-1,03,1,NA,NA,1
2028,19940022-2,03,1,NA,NA,1
2030,19940023-1,05,1,NA,NA,1
261,19940028-2,04,1,1990-10-30,1990-12-22,1
264,19940032-1,04,1,1993-12-06,1994-01-17,1
265,19940035-1,05,1,1994-04-26,1994-04-26,1
266,19940036-1,04,1,NA,1993-12-31,1
267,19940039-1,04,1,1993-06-01,1993-08-16,2
282,19940039-1,05,2,1991-06-11,1994-06-30,2
268,19940039-2,04,1,1993-06-01,1993-08-16,2
281,19940039-2,05,2,1991-06-11,1994-06-30,2
269,19940039-3,04,1,1993-06-01,1993-08-16,2
280,19940039-3,05,2,1991-06-11,1994-06-30,2
2031,19940039-4,04,1,1993-06-01,1993-08-16,2
2036,19940039-4,05,2,1991-06-11,1994-06-30,2
2032,19940039-5,04,1,1993-06-01,1993-08-16,2
2035,19940039-5,05,2,1991-06-11,1994-06-30,2
2033,19940039-6,04,1,1993-06-01,1993-08-16,2
2034,19940039-6,05,2,1991-06-11,1994-06-30,2
2037,19940040-1,05,1,NA,NA,1
2038,19940042-1,05,1,NA,NA,1
2039,19940043-1,05,1,NA,NA,1
270,19940046-1,04,1,1993-07-08,1993-10-10,1
271,19940054-1,04,1,1993-09-20,1993-12-15,1
272,19940055-1,04,1,1993-06-14,1993-08-31,1
273,19940056-1,03,1,1989-02-15,1993-02-15,2
274,19940056-1,04,2,NA,NA,2
276,19940058-1,04,1,NA,1994-03-31,1
2040,19940058-2,04,1,NA,1994-03-31,1
2041,19940059-1,04,1,1992-03-09,1992-06-15,1
2042,19940059-2,04,1,1992-03-09,1992-06-15,1
277,19940059-3,04,1,1992-03-09,1992-06-15,1
278,19940063-1,04,1,1993-02-15,1993-10-15,1
2043,19940064-1,04,1,1992-09-16,1992-12-15,2
2044,19940064-1,03,2,NA,1992-06-15,2
2045,19940068-1,05,1,NA,NA,1
2046,19940069-1,05,1,NA,NA,1
2047,19940070-1,01,1,NA,NA,1
411,19940073-1,05,1,NA,NA,1
383,19940073-10,05,1,NA,NA,1
2048,19940073-11,05,1,NA,NA,1
2049,19940073-12,05,1,NA,NA,1
203,19940073-2,05,1,NA,NA,1
206,19940073-3,05,2,NA,NA,1
384,19940073-4,05,1,NA,NA,1
385,19940073-5,05,1,NA,NA,1
1547,19940073-6,05,1,NA,NA,1
1548,19940073-7,05,1,NA,NA,1
1549,19940073-8,05,1,NA,NA,1
386,19940073-9,05,1,NA,NA,1
305,19940080-1,04,1,NA,1994-08-22,1
387,19940080-10,04,1,NA,1994-08-22,1
388,19940080-11,04,1,NA,1994-08-22,1
389,19940080-12,04,1,NA,1994-08-22,1
390,19940080-13,04,1,NA,1994-08-22,1
391,19940080-14,04,1,NA,1994-08-22,1
392,19940080-15,04,1,NA,1994-08-22,1
393,19940080-16,04,1,NA,1994-08-22,1
394,19940080-17,04,1,NA,1994-08-22,1
296,19940080-2,04,1,NA,1994-08-22,1
297,19940080-3,04,1,NA,1994-08-22,1
298,19940080-4,04,1,NA,1994-08-22,1
299,19940080-5,04,1,NA,1994-08-22,1
300,19940080-6,04,1,NA,1994-08-22,1
301,19940080-7,04,1,NA,1994-08-22,1
302,19940080-8,04,1,NA,1994-08-22,1
303,19940080-9,04,1,NA,1994-08-22,1
304,19940083-1,04,1,1993-06-14,1993-09-30,1
2050,19940087-1,05,1,NA,NA,1
317,19940088-1,04,1,1993-10-01,1993-11-31,1
318,19940088-2,04,1,1993-10-01,1993-11-31,1
1550,19940089-1,04,1,NA,1994-03-04,1
2051,19940091-1,05,1,NA,NA,1
2052,19940096-1,05,1,NA,NA,1
348,19940100-1,01,1,NA,NA,3
349,19940100-1,04,2,1993-10-27,1994-02-28,3
350,19940100-1,03,3,NA,NA,3
2053,19940100-2,01,1,NA,NA,3
2054,19940100-2,04,2,1993-10-27,1994-02-28,3
2055,19940100-2,03,3,NA,NA,3
351,19940101-1,04,1,NA,NA,1
1250,19940102-3,05,1,1994-06-30,1994-06-30,1
353,19940427-1,05,1,1996-05-23,1996-05-23,1
1551,19940431-1,05,1,1994-05-10,1994-05-10,1
1553,19940434-1,04,1,1997-07-11,1997-10-31,1
2056,19940434-2,04,1,1997-07-11,1997-10-31,1
354,19940441-1,03,1,NA,NA,2
356,19940441-1,04,3,NA,1999-03-15,2
357,19950001-1,05,1,NA,NA,1
358,19950013-1,04,1,1991-12-15,1992-02-15,1
359,19950015-2,04,1,1993-13-12,1994-02-28,1
743,19950016-1,04,1,NA,1994-03-15,1
360,19950018-1,04,1,1994-12-12,1995-01-15,1
361,19950019-1,05,1,1994-12-12,1995-01-25,1
294,19950020-1,01,1,1994-04-30,1994-10-26,2
295,19950020-1,05,2,1994-12-16,1994-12-16,2
2057,19950020-2,01,1,1994-04-30,1994-10-26,2
2058,19950020-2,05,2,1994-12-16,1994-12-16,2
362,19950024-1,04,1,1993-06-15,1993-12-15,1
363,19950024-2,04,1,1993-06-15,1993-12-15,1
2059,19950024-3,04,1,1993-06-15,1993-12-15,1
366,19950025-1,04,1,NA,1994-07-15,1
2060,19950027-1,05,1,1994-03-22,1994-06-30,1
2061,19950030-1,05,1,1985-06-30,1985-06-30,3
2065,19950030-1,05,2,NA,NA,3
2066,19950030-1,05,3,NA,NA,3
2062,19950030-2,05,1,1985-06-30,1985-06-30,3
2063,19950030-2,05,2,NA,NA,3
2064,19950030-2,05,3,NA,NA,3
371,19950031-3,01,1,NA,NA,1
2068,19950033-1,05,1,1994-06-30,1994-06-30,1
2069,19950034-1,05,1,NA,NA,1
2070,19950035-1,05,1,NA,NA,1
372,19950039-1,04,1,1995-01-11,1995-03-15,1
2073,19950040-1,01,1,1992-06-30,1994-06-30,2
2074,19950040-1,05,2,1993-06-30,1993-06-30,2
2071,19950040-2,01,1,1992-06-30,1994-06-30,2
2072,19950040-2,05,2,1993-06-30,1993-06-30,2
373,19950048-3,04,1,1994-06-22,1994-09-22,1
374,19950048-4,04,1,1994-06-22,1994-09-22,1
2075,19950048-5,04,1,NA,1995-01-13,1
375,19950048-6,04,1,1994-06-22,1994-09-22,1
747,19950048-7,04,1,1994-06-22,1994-09-22,1
2076,19950058-1,05,1,NA,NA,1
376,19950059-1,04,1,1983-15-12,1984-04-15,2
377,19950059-1,05,2,1990-01-01,1990-12-01,2
2077,19950064-1,04,1,NA,1994-04-15,1
2078,19950065-1,01,1,NA,NA,1
288,19950068-1,05,1,1995-05-24,1995-30-08,1
2079,19950069-1,05,1,NA,NA,1
285,19950070-1,01,1,NA,NA,2
287,19950070-1,05,2,NA,NA,2
275,19950079-1,04,1,1992-03-29,1992-10-31,1
2080,19950080-1,05,1,NA,NA,1
262,19950082-1,04,1,1993-10-29,1994-01-31,1
2081,19950085-1,04,1,NA,1992-06-15,1
258,19950088-1,03,1,1993-06-01,1995-05-30,3
259,19950088-1,04,2,1994-06-06,1994-11-15,3
260,19950088-1,04,3,1995-05-30,1995-10-31,3
240,19950088-2,03,1,1993-06-01,1995-05-30,3
241,19950088-2,04,2,1994-06-09,1994-11-15,3
245,19950088-2,04,3,1995-05-30,1995-10-31,3
2082,19960005-1,05,1,NA,NA,1
1499,19960007-1,03,1,1994-02-23,1994-11-15,2
1500,19960007-1,04,2,1995-02-15,1995-06-30,2
424,19960021-1,04,1,NA,1995-09-30,1
425,19960021-2,04,1,NA,1995-09-30,1
1394,19960034-1,04,1,1994-08-15,1994-11-30,1
749,19960034-2,04,1,1994-14-08,1994-11-30,1
2083,19960035-1,05,1,NA,NA,1
1464,19960040-1,03,1,1992-05-12,1994-03-25,2
1465,19960040-1,04,2,1994-06-29,1994-11-15,2
1501,19960045-1,05,1,NA,NA,1
412,19960048-1,04,1,1995-08-30,1995-12-15,1
413,19960049-1,03,1,1994-01-15,na,2
414,19960049-1,04,2,1995-08-23,1995-12-31,2
426,19960050-1,04,1,NA,1996-01-31,1
427,19960050-2,04,1,NA,1996-01-31,1
428,19960055-1,04,2,1994-02-01,1994-04-30,2
429,19960055-1,03,1,1992-07-30,1993-03-15,2
1502,19960057-1,03,1,1982-06-30,NA,3
1503,19960057-1,03,2,1989-04-24,1991-02-15,3
1504,19960057-1,04,3,1991-11-29,1992-04-30,3
430,19960059-1,05,1,1995-12-18,1995-12-18,3
431,19960059-1,05,2,1996-01-09,1996-01-09,3
432,19960059-1,04,3,1995-06-27,1995-11-15,3
433,19960059-2,05,1,1995-12-18,1995-12-18,3
434,19960059-2,05,2,1996-01-09,1996-01-09,3
435,19960059-2,04,3,1995-06-27,1995-11-15,3
2084,19960059-3,05,1,1995-12-18,1995-12-18,3
2085,19960059-3,05,2,1996-01-09,1996-01-09,3
2086,19960059-3,04,3,1995-06-27,1995-11-15,3
1505,19960060-1,04,6,1995-10-25,1996-02-15,6
1506,19960060-1,03,1,1992-12-04,1994-09-15,6
1507,19960060-1,03,2,1992-12-04,1994-09-15,6
1508,19960060-1,03,3,1992-12-04,1994-09-15,6
1509,19960060-1,03,4,NA,1994-03-15,6
1510,19960060-1,03,5,NA,1994-12-15,6
1462,19960060-2,04,1,1995-10-25,1996-02-15,1
1511,19960060-3,04,1,1995-10-25,1996-02-15,1
1512,19960060-4,04,1,1995-10-25,1996-02-15,1
1513,19960060-5,03,1,NA,NA,1
2087,19960061-1,03,1,1992-10-15,NA,1
2091,19960067-1,05,1,1991-04-11,1992-07-30,3
531,19960067-1,04,2,1994-04-20,1994-09-30,3
532,19960067-1,03,3,NA,NA,3
2088,19960067-2,04,2,1994-04-20,1994-09-30,3
2089,19960067-2,03,3,NA,NA,3
2090,19960067-2,05,1,1991-04-11,1992-07-30,3
415,19960072-1,04,1,na,1996-06-15,1
416,19960077-1,04,1,1995-10-31,1995-11-15,1
2092,19960080-1,05,1,NA,NA,1
2093,19960084-1,05,1,NA,NA,1
520,19960090-1,04,1,1994-05-15,1994-11-30,1
521,19960090-2,04,1,1994-05-15,1994-11-30,1
522,19960090-3,04,1,1994-05-15,1994-11-30,1
523,19960090-4,04,1,1994-05-15,1994-11-30,1
519,19960090-5,04,1,1994-05-15,1994-11-30,1
462,19960091-1,03,1,1967-05-16,1973-09-06,5
463,19960091-1,03,2,1974-06-30,1977-10-15,5
464,19960091-1,04,3,1978-03-15,1981-06-30,5
465,19960091-1,03,4,1994-07-06,1995-06-26,5
466,19960091-1,04,5,1995-06-26,1995-11-15,5
452,19960091-2,03,1,1967-05-16,1973-09-06,5
453,19960091-2,03,2,1974-06-30,1977-10-15,5
455,19960091-2,04,3,1978-03-15,1981-06-30,5
456,19960091-2,03,4,1994-07-06,1995-06-26,5
457,19960091-2,04,5,1995-06-26,1996-02-29,5
458,19960091-3,03,1,1994-07-06,1995-06-26,2
460,19960091-3,04,2,1995-06-26,1996-02-29,2
459,19960091-5,03,1,1994-07-06,1995-03-22,2
461,19960091-5,04,2,1995-06-26,1996-02-29,2
422,19960094-1,04,1,1995-08-23,1995-11-30,1
2094,19960098-1,05,1,1993-10-09,NA,2
2095,19960098-1,05,2,1996-05-30,NA,2
467,19960115-1,04,1,1996-06-31,1996-08-31,1
2096,19960115-2,04,1,1996-06-31,1996-08-31,1
524,19960434-1,04,1,1996-07-03,1996-08-09,1
2113,19970015-1,01,1,NA,NA,1
423,19970017-1,04,1,1995-09-05,1995-12-15,1
755,19970018-1,03,1,1993-11-01,1994-03-30,2
756,19970018-1,04,2,1995-01-01,1995-04-30,2
1514,19970021-1,03,1,1996-06-15,NA,1
533,19970022-1,04,1,1996-06-26,1996-09-30,1
2097,19970025-1,05,1,NA,NA,1
2098,19970026-1,05,1,NA,NA,1
1218,19970027-1,01,1,1996-12-01,1996-12-31,2
1343,19970027-1,05,2,1997-01-15,1997-02-15,2
1344,19970027-2,01,1,1996-12-01,1996-12-31,2
1347,19970027-2,05,2,1997-01-15,1997-02-15,2
2114,19970027-3,01,1,1996-12-01,1996-12-31,2
2115,19970027-3,05,2,1997-01-15,1997-02-15,2
1537,19970027-4,04,3,NA,NA,3
534,19970027-4,01,1,1996-12-01,1996-12-31,3
535,19970027-4,05,2,1997-01-15,1997-02-15,3
1345,19970027-5,01,1,1996-12-01,1996-12-31,2
1348,19970027-5,05,2,1997-01-15,1997-02-15,2
1346,19970027-6,01,1,1996-12-01,1996-12-31,2
1349,19970027-6,05,2,1997-01-15,1997-02-15,2
436,19970029-1,05,1,NA,NA,1
525,19970030-1,04,1,1996-10-23,1996-12-20,1
437,19970034-1,05,1,1994-09-15,1995-03-15,2
438,19970034-1,04,2,1996-02-14,1996-09-30,2
468,19970035-1,05,1,na,1994-12-04,2
469,19970035-1,04,2,1996-08-21,1996-11-30,2
470,19970036-1,03,1,na,1996-09-23,2
471,19970036-1,03,2,1996-12-18,na,2
536,19970040-1,04,1,1996-08-14,1996-11-08,1
2116,19970040-2,04,1,1996-08-14,1996-11-08,1
1317,19970042-1,04,1,NA,1996-12-15,1
2099,19970044-1,05,1,NA,NA,1
2100,19970045-1,05,1,NA,NA,1
757,19970046-1,04,1,1996-12-09,1997-02-28,1
2101,19970050-1,05,1,NA,NA,1
1467,19970052-1,04,2,1996-12-04,1997-02-20,2
1468,19970052-1,03,1,1996-12-15,NA,2
1515,19970052-2,03,1,1996-12-15,NA,2
1516,19970052-2,04,2,1996-12-04,1997-02-20,2
2118,19970052-3,03,1,1996-12-15,NA,2
2119,19970052-3,04,2,1996-12-04,1997-02-20,2
485,19970055-1,03,1,na,na,3
486,19970055-1,04,2,1994-06-22,1994-09-30,3
487,19970055-1,04,3,1996-12-04,1997-02-20,3
2120,19970055-2,03,1,NA,NA,3
2121,19970055-2,04,2,1994-06-22,1994-09-30,3
2122,19970055-2,04,3,1996-12-04,1997-02-20,3
2102,19970057-1,05,1,NA,NA,1
488,19970058-1,05,1,na,na,1
2117,19970058-2,05,1,NA,NA,1
2103,19970059-1,05,1,1994-03-7,1995-12-15,2
2104,19970059-1,05,2,1996-04-15,NA,2
2105,19970064-1,04,1,1991-04-26,1991-06-30,4
2106,19970064-1,04,2,1994-07-15,NA,4
2107,19970064-1,05,3,1995-07-15,1995-07-15,4
2108,19970064-1,05,4,1997-01-15,1997-02-15,4
2109,19970067-1,05,1,NA,NA,1
440,19970070-2,04,1,1996-05-15,1996-08-31,1
441,19970070-4,04,1,NA,1996-08-30,1
758,19970073-1,04,1,1996-05-17,1996-08-30,1
2110,19970082-1,04,1,1994-11-25,1995-01-13,1
489,19970087-1,04,1,1997-02-19,1997-05-31,1
2111,19970090-1,05,1,NA,NA,1
2112,19970090-2,05,1,NA,NA,1
759,19970400-1,05,1,1996-02-15,1996-12-15,1
491,19970417-1,03,1,na,na,2
492,19970417-1,04,2,1999-01-25,1999-12-22,2
1395,19970419-1,04,1,2004-04-26,2004-12-15,2
1396,19970419-1,05,2,2004-05-14,2004-10-15,2
537,19970445-1,05,1,1998-05-04,1998-05-19,1
538,19970445-2,05,1,1998-05-04,1998-05-19,1
1463,19970447-1,05,1,NA,NA,1
526,19970462-1,04,1,2000-03-20,2000-06-30,1
760,19980009-1,05,1,NA,NA,3
761,19980009-1,03,2,NA,NA,3
762,19980009-1,04,3,1996-05-17,1996-08-30,3
763,19980009-2,05,1,NA,NA,3
764,19980009-2,03,2,NA,NA,3
765,19980009-2,04,3,1996-05-17,1996-08-30,3
766,19980009-3,05,1,NA,NA,3
767,19980009-3,03,2,NA,NA,3
768,19980009-3,04,3,1996-05-17,1996-08-30,3
1466,19980015-1,04,1,1996-04-19,NA,2
442,19980015-1,04,2,1997-12-19,1998-01-15,2
493,19980017-1,05,1,1991-10-15,1993-03-07,2
494,19980017-1,04,2,na,1998-09-30,2
1517,19980022-1,03,1,1988-06-30,1990-06-27,2
1518,19980022-1,04,2,1995-05-24,1995-09-15,2
443,19980024-1,04,1,NA,1997-12-31,1
2131,19980025-1,05,1,NA,NA,1
2125,19980026-1,05,1,NA,NA,1
2148,19980032-1,03,1,1997-04-18,1997-10-24,2
2149,19980032-1,05,2,1998-01-01,1998-01-31,2
1519,19980033-1,03,1,1996-05-13,1996-12-15,2
1520,19980033-1,04,2,1997-02-19,1997-05-31,2
495,19980035-1,05,1,na,na,1
445,19980037-1,04,1,1997-06-02,1997-08-31,1
444,19980037-2,04,1,1997-06-02,1997-08-31,1
1050,19980038-1,05,1,1983-06-30,1986-06-30,3
1051,19980038-1,03,2,1987-02-15,1989-06-30,3
1053,19980038-1,04,3,1993-07-15,1994-02-18,3
1054,19980038-2,05,1,1983-06-30,1983-06-30,3
1055,19980038-2,03,2,1987-02-15,1989-06-30,3
1056,19980038-2,04,3,1993-07-15,1994-02-18,3
1057,19980038-3,05,1,1983-06-30,1983-06-30,3
1058,19980038-3,03,2,1987-02-15,1989-06-30,3
1059,19980038-3,04,3,1993-07-15,1994-02-18,3
2132,19980040-1,02,1,NA,NA,1
2133,19980042-1,03,1,NA,NA,1
2124,19980047-1,05,1,NA,NA,1
2123,19980047-2,05,1,NA,NA,1
769,19980052-1,04,1,1998-02-25,1998-05-06,1
2126,19980055-1,05,1,NA,NA,1
496,19980056-1,05,1,na,na,1
2134,19980058-1,03,1,1998-01-15,NA,2
2135,19980058-1,04,2,1998-03-09,1998-05-15,2
527,19980058-2,03,1,1998-01-15,NA,2
528,19980058-2,04,2,1998-03-09,1998-05-15,2
563,19980059-1,03,1,NA,NA,2
564,19980059-1,05,2,NA,NA,2
561,19980059-2,03,1,NA,NA,2
562,19980059-2,05,2,NA,NA,2
497,19980060-1,04,1,1998-05-19,1998-07-03,1
2128,19980060-2,04,1,1998-05-19,1998-07-03,1
2127,19980060-3,04,1,1998-05-19,1998-07-03,1
599,19980062-1,03,1,1998-01-15,1998-05-15,1
600,19980067-1,03,1,1994-01-15,1995-11-10,2
601,19980067-1,04,2,1997-01-15,1997-04-30,2
2145,19980070-1,04,1,1997-12-15,1998-03-31,1
2144,19980070-10,04,1,1997-12-15,1998-03-31,1
498,19980070-11,04,1,1997-12-15,1998-03-31,1
2147,19980070-12,04,1,1997-12-15,1998-03-31,1
2146,19980070-13,04,1,1997-12-15,1998-03-31,1
2143,19980070-2,04,1,1997-12-15,1998-03-31,1
2142,19980070-3,04,1,1997-12-15,1998-03-31,1
2141,19980070-4,04,1,1997-12-15,1998-03-31,1
2140,19980070-5,04,1,1997-12-15,1998-03-31,1
2139,19980070-6,04,1,1997-12-15,1998-03-31,1
2138,19980070-7,04,1,1997-12-15,1998-03-31,1
2137,19980070-8,04,1,1997-12-15,1998-03-31,1
2136,19980070-9,04,1,1997-12-15,1998-03-31,1
446,19980071-1,05,1,1998-07-02,1998-07-02,1
499,19980074-1,03,1,1997-11-07,na,1
2129,19980074-2,03,1,1997-11-07,NA,1
770,19980075-1,04,1,1997-02-12,1997-06-30,1
1404,19980075-2,04,1,1997-02-12,1997-06-30,1
1469,19980076-1,03,1,1993-06-30,NA,2
1470,19980076-1,04,2,1998-05-06,1998-08-31,2
1521,19980076-2,03,1,1993-06-30,NA,2
1522,19980076-2,04,2,1998-05-06,1998-08-31,2
602,19980077-1,03,1,1998-04-15,NA,1
418,19980078-1,04,1,1997-11-01,1997-11-31,1
2130,19980079-1,05,1,NA,NA,1
539,19980407-1,05,1,NA,NA,1
603,19980411-1,04,1,NA,2001-02-28,1
2150,19980429-1,05,1,NA,NA,1
604,19980444-1,04,1,NA,2001-06-15,1
606,19980451-1,03,2,2000-01-24,2001-05-29,2
607,19980451-1,04,3,NA,2001-11-30,2
1636,19990009-1,04,2,NA,1998-03-09,3
1637,19990009-1,03,3,NA,1999-01-15,3
1638,19990009-1,03,1,NA,1997-11-15,3
1639,19990011-1,05,1,NA,NA,1
1523,19990016-1,05,1,NA,NA,2
1524,19990016-1,04,2,1998-09-15,1998-11-30,2
1623,19990016-2,05,1,NA,NA,2
1624,19990016-2,04,2,1998-09-15,1998-11-30,2
500,19990020-1,03,1,1995-02-15,1996-06-30,2
501,19990020-1,04,2,1997-02-15,1997-06-30,2
1625,19990024-2,03,1,NA,1998-06-26,1
540,19990026-1,03,1,1995-07-15,1996-09-15,2
541,19990026-1,04,2,1998-07-01,1998-09-30,2
1615,19990026-2,03,1,1995-07-15,1996-09-15,2
1616,19990026-2,04,2,1998-07-01,1998-09-30,2
419,19990027-1,05,1,1994-04-15,1994-04-15,3
420,19990027-1,01,2,1994-11-07,1994-11-07,3
421,19990027-1,04,3,1997-04-16,1997-08-31,3
1405,19990028-1,05,1,1994-12-12,1999-02-26,2
1406,19990028-1,04,2,1999-03-15,1999-04-13,2
472,19990028-2,05,1,1994-12-12,1999-02-26,2
473,19990028-2,04,2,1999-03-15,1999-04-13,2
475,19990028-3,05,1,1994-12-12,1999-02-26,2
476,19990028-3,04,2,1999-03-15,1999-04-13,2
477,19990028-4,05,1,1994-12-12,1999-02-26,2
478,19990028-4,04,2,1999-03-15,1999-04-13,2
1626,19990028-5,05,1,1994-12-12,1999-02-26,2
1627,19990028-5,04,2,1999-03-15,1999-04-13,2
479,19990028-6,05,1,1994-12-12,1999-02-26,2
480,19990028-6,04,2,1999-03-15,1999-04-13,2
481,19990028-7,05,1,1994-12-12,1999-02-26,2
482,19990028-7,04,2,1999-03-15,1999-04-13,2
483,19990028-8,05,1,1994-12-12,1999-02-26,2
484,19990028-8,04,2,1999-03-15,1999-04-13,2
1628,19990028-9,05,1,1994-12-12,1999-02-26,2
1629,19990028-9,04,2,1999-03-15,1999-04-13,2
1617,19990032-1,01,1,1995-06-15,1995-06-15,2
1618,19990032-1,04,2,NA,1998-09-30,2
1619,19990033-1,05,1,NA,NA,2
1620,19990033-1,04,2,NA,1998-01-09,2
608,19990033-2,03,1,NA,NA,2
609,19990033-2,04,2,NA,1998-01-09,2
610,19990034-1,03,1,1995-12-15,1998-06-29,2
611,19990034-1,04,2,1997-05-05,1997-08-31,2
447,19990036-1,04,1,1996-04-17,1996-08-30,3
448,19990036-1,02,2,NA,NA,3
449,19990036-1,05,3,NA,NA,3
1445,19990038-1,04,1,1998-06-22,1998-09-30,1
1525,19990047-1,04,1,NA,NA,1
1630,19990050-1,02,1,1999-03-25,1999-03-25,1
502,19990051-1,04,1,1998-10-15,1999-01-22,1
542,19990055-1,05,3,1998-09-15,1998-10-21,3
543,19990055-1,03,1,NA,1995-12-22,3
544,19990055-1,04,2,1998-02-18,1998-05-15,3
450,19990062-1,03,1,1995-01-12,1995-09-26,1
1632,19990062-2,05,1,1995-01-12,1996-06-15,2
1633,19990062-2,03,2,1996-01-01,NA,2
1390,19990072-1,04,1,1999-03-08,1999-04-23,1
1526,19990073-1,05,1,1997-04-07,1997-12-31,2
1527,19990073-1,05,2,1998-06-30,1998-06-30,2
1408,19990074-1,01,1,NA,NA,1
1407,19990074-2,01,1,NA,NA,1
657,19990076-2,04,1,1999-03-08,1999-05-10,1
771,19990082-1,04,1,1999-04-15,1999-07-01,1
772,19990082-2,04,1,1999-04-15,1999-07-01,1
658,19990084-1,04,1,NA,1999-03-30,1
659,19990084-2,04,1,NA,1999-03-30,1
1621,19990086-1,05,1,NA,NA,1
660,19990087-1,02,1,1995-01-15,NA,1
1634,19990087-2,05,1,NA,NA,1
773,19990090-1,04,1,1995-11-22,1996-04-09,1
1622,19990092-1,05,1,NA,NA,1
1635,19990400-2,03,1,NA,NA,1
1528,19990419-1,03,1,NA,NA,1
503,19990451-1,04,1,NA,2002-06-30,1
1555,19990451-2,04,1,NA,2002-06-30,1
504,19990467-1,04,1,1998-02-13,1998-08-31,1
653,20000008-1,04,1,1997-12-15,1998-03-31,1
1640,20000013-1,05,1,2000-01-04,2000-01-04,1
1641,20000013-2,05,1,2000-01-04,2000-01-04,1
1642,20000013-3,05,1,2000-01-04,2000-01-04,1
1643,20000013-4,05,1,2000-01-04,2000-01-04,1
1398,20000014-1,04,2,NA,2000-09-15,1
779,20000014-2,03,1,NA,1998-05-19,3
780,20000014-2,04,2,1998-08-26,1998-11-30,3
781,20000014-2,05,3,NA,1999-11-30,3
784,20000014-3,03,1,NA,1998-05-19,3
785,20000014-3,04,2,1998-08-26,1998-11-30,3
786,20000014-3,05,3,NA,1999-11-30,3
788,20000015-1,05,1,2000-02-04,2000-02-07,1
1644,20000015-2,05,1,2000-02-04,2000-02-07,1
654,20000018-1,01,1,1997-06-30,NA,1
1645,20000018-2,01,1,1997-06-30,NA,1
789,20000024-1,04,1,NA,1997-09-30,1
1646,20000024-2,04,1,NA,1997-09-30,1
791,20000025-1,04,1,1999-11-19,1999-12-31,1
655,20000027-1,04,1,1998-08-26,1998-11-30,1
505,20000030-1,01,1,1996-10-15,1997-06-30,3
506,20000030-1,03,2,1997-06-30,na,3
507,20000030-1,03,3,1999-06-15,na,3
1647,20000032-1,04,1,NA,NA,1
794,20000041-1,04,1,1998-08-26,1998-11-30,1
793,20000041-2,04,1,1998-08-26,1998-11-30,1
661,20000042-2,04,1,1998-07-01,1998-09-15,1
666,20000044-1,04,1,NA,1999-10-22,1
656,20000045-1,05,1,1999-02-15,1999-02-15,1
508,20000052-1,03,1,1992,na,3
509,20000052-1,03,2,1993-01-15,na,3
510,20000052-1,04,3,1997-12-01,1998-05-31,3
1648,20000054-1,04,1,NA,NA,1
798,20000055-1,04,1,1999-10-04,2000-01-31,1
799,20000057-1,04,1,1999-02-24,1999-05-31,1
1322,20000066-1,05,1,NA,NA,1
1649,20000068-1,05,1,NA,NA,1
802,20000071-1,05,1,2000-06-28,2000-06-28,1
804,20000072-1,04,1,1999-05-15,1999-10-15,1
1650,20000073-1,03,1,1996-11-22,1999-11-02,1
1651,20000073-2,03,1,1996-11-22,1999-11-02,1
1652,20000074-1,04,1,NA,NA,1
511,20000075-1,04,1,2000-06-15,2000-08-10,1
1653,20000075-2,04,1,2000-06-15,2000-08-10,1
512,20000076-1,03,1,2000-03-22,2000-06-30,2
513,20000076-1,05,2,2000-08-21,2000-08-21,2
514,20000078-1,03,1,1998-05-28,1999-04-06,3
515,20000078-1,02,2,1999-04-23,1999-04-23,3
516,20000078-1,04,3,1999-06-23,1999-10-31,3
1654,20000079-1,04,1,NA,1999-04-23,1
1655,20000079-2,04,1,NA,1999-04-23,1
1656,20000084-1,05,1,NA,NA,2
1657,20000084-1,03,2,NA,NA,2
1658,20000085-1,05,1,NA,NA,1
667,20000087-1,05,1,NA,NA,1
675,20000088-1,03,2,1997-11-25,NA,2
677,20000088-1,05,2,2000-06-15,2000-06-15,2
800,20000090-1,04,1,2000-06-05,2000-09-15,1
801,20000090-2,04,1,2000-06-05,2000-09-15,1
1294,20000090-3,04,1,2000-06-05,2000-09-15,1
517,20000093-1,04,1,2000-06-28,2000-10-05,1
1933,20000094-2,04,1,1999,NA,1
679,20000095-1,04,1,2000-04-05,2000-07-31,1
1660,20000415-1,04,2,NA,1999-03-31,1
1659,20000415-2,04,1,NA,1996-02-29,2
1661,20000415-2,04,2,NA,1999-03-31,2
803,20000419-1,04,1,2003-11-12,2004-02-29,1
681,20000431-1,04,1,2006-04-04,2006-06-23,1
682,20000461-1,05,1,2003-06-04,2003-07-31,1
1662,20010012-1,05,1,1998-12-15,1998-12-15,1
826,20010014-1,05,1,NA,NA,2
827,20010014-1,04,2,1999-10-27,2000-31-01,2
831,20010015-1,04,1,2000-06-28,2000-09-15,1
1663,20010015-2,04,1,2000-06-28,2000-09-15,1
1664,20010017-1,04,1,NA,NA,1
545,20010019-1,03,1,na,na,3
546,20010019-1,02,2,na,na,3
547,20010019-1,04,3,2000-09-18,2000-12-07,3
1665,20010020-2,04,1,NA,2000-10-31,1
864,20010021-1,03,1,1996-10-31,1998-10-31,2
865,20010021-1,04,2,2000-05-20,2000-08-31,2
866,20010021-2,03,1,1999-02-22,2000-03-31,2
867,20010021-2,04,2,2000-05-10,2000-07-14,2
805,20010022-3,03,1,1999-06-15,2000-02-07,2
806,20010022-3,04,2,2000-03-10,2000-06-15,2
809,20010023-1,03,1,1993-06-07,1997-06-15,2
818,20010023-1,04,2,1997-10-06,1998-01-31,2
810,20010023-10,03,1,1993-06-07,1997-06-15,2
817,20010023-10,04,2,1997-10-06,1998-01-31,2
1666,20010023-11,03,1,1993-06-07,1997-06-15,2
1667,20010023-11,04,2,1997-10-06,1998-01-31,2
1668,20010023-12,03,1,1993-06-07,1997-06-15,2
1669,20010023-12,04,2,1997-10-06,1998-01-31,2
811,20010023-2,03,1,1993-06-07,1997-06-15,2
816,20010023-2,04,2,1997-10-06,1998-01-31,2
812,20010023-3,03,1,1993-06-07,1997-06-15,2
815,20010023-3,04,2,1997-10-06,1998-01-31,2
1670,20010023-4,03,1,1993-06-07,1997-06-15,2
1671,20010023-4,04,2,1997-10-06,1998-01-31,2
813,20010023-5,03,1,1993-06-07,1997-06-15,2
814,20010023-5,04,2,1997-10-06,1998-01-31,2
1672,20010023-6,03,1,1993-06-07,1997-06-15,2
1673,20010023-6,04,2,1997-10-06,1998-01-31,2
807,20010023-7,03,1,1993-06-07,1997-06-15,2
808,20010023-7,04,2,1997-10-06,1998-01-31,2
1674,20010023-8,03,1,1993-06-07,1997-06-15,2
1675,20010023-8,04,2,1997-10-06,1998-01-31,2
1676,20010023-9,03,1,1993-06-07,1997-06-15,2
1677,20010023-9,04,2,1997-10-06,1998-01-31,2
548,20010030-1,05,1,2001-03-15,2001-04-15,1
1678,20010032-1,04,1,NA,NA,1
1679,20010041-1,05,1,NA,NA,1
819,20010044-1,04,1,2001-01-17,2001-03-31,1
549,20010051-1,01,1,1999-05-15,na,2
550,20010051-1,05,2,2001-06-07,2001-06-07,2
1680,20010051-2,01,1,1999-05-15,NA,2
1681,20010051-2,05,2,2001-06-07,2001-06-07,2
1682,20010052-1,05,1,NA,NA,1
1409,20010056-1,04,1,1998-09-28,1999-02-28,2
1411,20010056-1,02,2,2000-03-24,NA,2
1410,20010056-2,04,1,1998-09-28,1999-02-28,2
1412,20010056-2,02,2,2000-03-24,NA,2
868,20010057-1,04,1,1999-12-01,2000-02-29,2
869,20010057-1,05,2,NA,NA,2
551,20010058-2,05,1,na,na,1
552,20010058-3,05,1,na,na,1
553,20010060-1,04,1,2001-05-02,2001-07-31,1
1471,20010062-1,04,3,2001-05-02,2001-07-31,3
554,20010062-1,01,1,1999-01-31,na,3
555,20010062-1,01,2,2000-04-30,2000-05-25,3
820,20010064-1,03,1,1998-10-05,1999-10-15,2
821,20010064-1,04,2,2000-07-15,2000-10-30,2
822,20010065-1,04,2,NA,1999-03-30,2
823,20010065-1,05,1,1999-06-30,NA,2
1683,20010065-2,04,1,NA,1999-03-30,2
1684,20010065-2,03,2,1999-06-30,NA,2
1685,20010065-3,04,1,NA,1999-03-30,2
1686,20010065-3,03,2,1999-06-30,N,2
824,20010065-4,03,2,1999-06-30,NA,2
825,20010065-4,04,1,NA,1999-03-30,2
1687,20010068-1,05,1,NA,NA,1
1688,20010069-1,05,1,NA,NA,1
1689,20010069-2,05,1,NA,NA,1
1690,20010069-3,05,1,NA,NA,1
556,20010071-1,04,1,2000-09-18,2000-12-31,1
557,20010074-1,03,1,1994-12-15,na,4
558,20010074-1,04,2,na,1996-06-30,4
559,20010074-1,05,3,na,1999-03-31,4
560,20010074-1,04,4,na,1999-11-30,4
565,20010074-2,03,1,1994-12-15,na,4
566,20010074-2,04,2,na,1996-06-30,4
567,20010074-2,05,3,na,1999-03-31,4
568,20010074-2,04,4,na,1999-11-30,4
694,20010076-1,03,1,1999-04-30,2000-12-18,2
695,20010076-1,04,2,NA,2001-05-15,2
697,20010076-2,03,1,1999-04-30,2000-12-18,2
698,20010076-2,04,2,NA,2001-05-15,2
699,20010076-3,03,1,1999-04-30,2000-12-18,2
700,20010076-3,04,2,NA,2001-05-15,2
701,20010076-4,03,1,1999-04-30,2000-12-18,2
702,20010076-4,04,2,NA,2001-05-15,2
703,20010076-5,03,1,1999-04-30,2000-12-18,2
704,20010076-5,04,2,NA,2001-05-15,2
1534,20010077-1,03,1,1990-01-15,1991-01-15,3
870,20010077-1,05,2,1999-07-01,1999-07-31,3
871,20010077-1,04,3,2000-10-30,2001-01-31,3
1691,20010077-2,04,1,NA,1993-12-31,3
1692,20010077-2,03,2,1990-01-15,1990-01-15,3
1693,20010077-2,05,3,1999-07-01,1999-07-31,3
1694,20010078-1,04,1,2001-09-15,2001-09-15,1
569,20010079-1,04,1,2001-06-15,2001-09-30,1
1698,20010080-1,04,2,1998-11-15,1999-03-31,1
1700,20010080-2,04,2,1998-11-15,1999-03-31,1
1696,20010080-3,04,2,1998-11-15,1999-03-31,1
1702,20010080-4,04,2,1998-11-15,1999-03-31,1
1704,20010080-5,04,2,1998-11-15,1999-03-31,1
570,20010080-6,04,1,1998-11-15,1999-03-31,1
714,20010082-1,03,1,1995-06-30,1998-12-15,2
715,20010082-1,04,2,1999-04-28,1999-10-31,2
712,20010082-2,03,1,1995-06-30,1998-12-15,2
713,20010082-2,04,2,1999-04-28,1999-10-31,2
1705,20010083-1,04,1,1994-07-15,199-07-15,2
1706,20010083-1,04,2,1995-07-15,1995-07-15,2
716,20010300-1,04,1,2003-06-25,2003-10-10,1
1934,20010401-1,03,1,NA,NA,1
1707,20010419-1,03,1,NA,NA,1
1708,20010419-2,03,1,NA,NA,1
572,20020010-1,01,1,NA,NA,3
573,20020010-1,05,2,na,2000-08-30,3
574,20020010-1,04,3,2000-08-30,2001-01-15,3
872,20020020-1,05,1,NA,NA,1
1709,20020021-1,03,1,2001-06-15,2001-06-15,1
828,20020022-1,03,1,NA,NA,3
829,20020022-1,01,2,2000-10-15,2001-02-15,3
830,20020022-1,04,3,2001-07-15,2001-09-30,3
832,20020023-1,04,1,2001-05-15,2001-08-31,1
1710,20020023-2,04,1,2001-05-15,2001-08-31,1
833,20020023-3,04,1,2001-05-15,2001-08-31,1
834,20020024-1,03,1,1998-09-10,NA,2
835,20020024-1,04,2,NA,2000-11-10,2
1711,20020025-1,04,1,2001-05-15,2001-08-31,1
1712,20020026-1,05,1,2001-12-15,2002-01-08,1
1713,20020026-2,05,1,2001-12-15,2002-01-08,1
1714,20020026-3,05,1,2001-12-15,2002-01-08,1
1715,20020027-1,05,1,1999-06-15,2001-08-27,1
717,20020032-1,03,1,NA,NA,1
718,20020032-2,03,1,NA,NA,1
1716,20020038-1,04,1,NA,1998-10-19,1
1717,20020041-1,04,1,2001-01-15,2001-04-30,1
1060,20020041-2,04,1,2001-01-15,2001-04-30,1
1718,20020042-1,04,1,NA,NA,1
836,20020043-1,03,1,NA,1999-04-23,2
837,20020043-1,05,2,NA,NA,2
1719,20020045-1,03,1,NA,NA,1
838,20020046-1,03,1,2000-10-15,2001-03-15,5
839,20020046-1,03,2,2000-10-15,2001-03-15,5
840,20020046-1,03,3,2000-10-15,2001-03-15,5
841,20020046-1,02,4,2001-03-15,2002-02-30,5
842,20020046-1,04,5,NA,2002-01-10,5
1720,20020046-2,04,1,NA,2002-01-10,1
843,20020046-3,04,1,NA,2002-01-10,1
844,20020046-4,04,1,NA,2002-01-10,1
845,20020046-5,04,1,NA,2002-01-10,1
846,20020046-6,04,1,NA,2002-01-10,1
847,20020046-7,04,1,2001-09-21,2001-12-31,1
879,20020047-1,04,1,NA,2001-12-31,1
880,20020050-1,03,1,NA,NA,2
881,20020050-1,04,2,2001-03-15,2001-07-15,2
897,20020052-1,05,1,NA,NA,1
1721,20020052-2,05,1,NA,NA,1
575,20020060-1,03,1,1999-06-30,2000-03-09,4
577,20020060-1,05,2,2000-06-15,na,4
578,20020060-1,04,3,2001-06-20,2001-09-20,4
580,20020060-1,03,4,2001-11-15,na,4
581,20020060-2,03,1,1999-06-30,2000-03-09,4
582,20020060-2,05,2,2000-06-15,na,4
583,20020060-2,04,3,2001-06-20,2001-09-20,4
588,20020060-2,03,4,2001-11-15,NA,4
584,20020060-3,03,1,1999-06-30,2000-03-09,4
585,20020060-3,05,2,2000-06-15,na,4
586,20020060-3,04,3,2001-06-20,2001-09-20,4
587,20020060-3,03,4,2001-11-15,NA,4
1722,20020062-1,04,1,NA,NA,1
1723,20020064-1,04,1,NA,NA,1
719,20020065-1,03,1,1995-10-13,1998-06-30,2
720,20020065-1,04,2,1998-09-28,1999-03-31,2
1724,20020066-1,04,1,NA,NA,1
721,20020067-3,04,1,2002-03-27,2002-05-24,1
882,20020072-1,04,1,NA,2002-04-15,1
883,20020072-2,04,1,NA,2002-04-15,1
1725,20020072-3,04,1,NA,2002-04-15,1
1726,20020072-4,04,1,NA,2002-04-15,1
884,20020073-1,02,1,NA,NA,2
885,20020073-1,04,2,NA,2001-11-31,2
589,20020077-1,05,1,2001-10-31,na,2
590,20020077-1,05,2,2002-05-15,na,2
722,20020081-1,03,1,1999-06-30,NA,1
591,20020083-1,02,1,NA,2002-06-15,3
592,20020083-1,05,2,2002-04-15,2002-05-15,3
593,20020083-1,04,3,2002-05-22,2002-08-30,3
594,20020083-2,02,1,2001-07-03,2002-06-15,3
595,20020083-2,05,2,2002-04-15,2002-04-15,3
596,20020083-2,04,3,2002-05-22,2002-08-30,3
597,20020084-1,03,1,1999-03-19,2000-10-15,2
598,20020084-1,04,2,2001-02-13,2001-05-31,2
1727,20020088-1,05,1,NA,NA,1
1728,20020088-2,05,1,NA,NA,1
724,20020090-1,04,2,2001-11-14,2002-02-28,1
725,20020092-1,03,1,NA,1998-10-01,2
726,20020092-1,04,2,2001-09-21,2001-12-31,2
727,20020093-1,04,1,2000-12-20,2001-04-30,1
612,20020303-1,03,1,na,2004-06-30,1
728,20020400-1,03,1,2001-06-11,2001-11-08,1
1729,20020400-2,03,1,2001-06-11,2001-11-08,1
886,20020415-1,05,1,2006-01-12,2006-01-12,1
729,20020436-1,03,1,NA,NA,2
730,20020436-1,04,2,NA,NA,2
731,20020440-1,04,1,2009-01-28,2009-05-08,1
898,20020468-1,04,1,2005-06-07,2005-07-15,1
732,20020473-1,04,1,2007-12-10,2008-03-10,1
616,20030008-1,03,1,1999-11-23,NA,2
617,20030008-1,04,2,NA,NA,2
899,20030013-1,03,1,1998-07-02,NA,2
900,20030013-1,04,2,2000-04-19,2000-08-11,2
1730,20030015-1,04,1,NA,NA,1
618,20030016-1,03,1,NA,NA,2
619,20030016-1,04,2,2001-09-15,2002-01-31,2
620,20030016-2,04,1,2001-09-15,2002-01-31,1
901,20030019-1,05,1,NA,NA,1
648,20030035-1,03,1,2002-07-15,2002-09-15,3
649,20030035-1,03,2,2002-07-15,2002-11-15,3
650,20030035-1,03,3,2002-11-15,NA,3
651,20030035-2,02,1,NA,NA,2
652,20030035-2,04,2,1998-09-16,1998-12-31,2
1296,20030038-1,05,1,NA,NA,1
1297,20030038-2,05,1,NA,NA,1
902,20030039-1,04,1,2002-07-03,2002-10-03,1
1732,20030042-1,05,1,NA,NA,1
1733,20030045-1,03,1,2002-05-26,2002-05-31,1
613,20030047-1,05,1,2003-06-16,2003-06-20,1
1031,20030047-2,05,1,2003-06-16,2003-06-20,2
1032,20030047-2,03,2,na,na,2
1033,20030047-3,05,1,2003-06-16,2003-06-20,2
1034,20030047-3,03,2,na,na,2
1734,20030047-4,05,1,2003-06-16,2003-06-20,2
1735,20030047-4,03,2,NA,NA,2
1736,20030047-5,05,1,2003-06-16,2003-06-20,2
1737,20030047-5,03,2,NA,NA,2
1035,20030047-6,05,1,2003-06-16,2003-06-20,2
1036,20030047-6,03,2,na,na,2
1738,20030049-1,04,1,2000-06-15,2000-10-31,1
1739,20030049-3,04,1,2000-06-15,200-10-31,1
1740,20030059-1,04,1,NA,NA,1
903,20030060-1,04,1,2003-06-03,2003-07-04,1
1073,20030066-1,05,1,na,na,1
737,20030072-1,04,1,2003-01-15,2003-04-30,1
739,20030073-1,04,1,2002-07-15,2002-10-15,1
887,20030076-1,03,1,2001-10-31,2002-03-15,2
888,20030076-1,04,2,2002-12-18,2003-03-28,2
676,20030078-1,04,1,2001-01-31,2001-07-31,1
1743,20030079-1,05,3,2003-01-09,2003-01-09,1
621,20030419-1,03,1,NA,NA,1
905,20030428-1,04,1,2007-07-03,2007-10-10,1
906,20030454-1,05,1,2004-02-09,2004-02-09,2
907,20030454-1,04,2,2004-11-17,2005-03-11,2
622,20040010-1,03,1,2001-06-30,2002-06-30,2
623,20040010-1,04,2,2003-01-22,2003-04-30,2
1744,20040020-1,05,1,NA,NA,1
624,20040021-1,02,1,2003-10-09,2003-10-09,1
1413,20040024-1,02,1,NA,1999-09-15,1
742,20040025-1,05,1,2004-02-16,2004-03-15,1
625,20040027-1,02,1,2001-03-13,2001-03-13,1
614,20040031-1,03,1,2002-08-15,na,2
615,20040031-1,04,2,2004-03-15,2004-04-27,2
1039,20040031-2,03,2,2002-08-15,na,2
1040,20040031-2,04,2,2004-03-15,2004-04-27,2
1037,20040031-3,03,1,2002-08-15,na,2
1041,20040031-3,04,2,2004-03-15,2004-04-27,2
1746,20040032-1,04,1,2004-03-15,NA,1
967,20040032-2,04,1,2004-03-15,NA,1
968,20040033-1,04,1,2004-03-15,NA,1
1747,20040033-2,04,1,2004-03-15,NA,1
1748,20040034-1,04,1,2004-03-15,NA,1
909,20040035-1,04,1,NA,2003-12-15,1
1749,20040035-2,04,1,NA,2003-12-15,1
910,20040044-1,02,1,2002-10-28,2003-03-31,3
911,20040044-1,03,2,NA,2003-03-25,3
912,20040044-1,04,3,2003-12-05,2004-02-29,3
1414,20040046-1,04,1,2001-12-07,2002-04-30,1
1530,20040051-1,03,1,2001-06-15,2004-05-31,1
1750,20040055-1,05,1,NA,NA,1
915,20040061-1,04,1,2004-05-15,2004-07-12,1
917,20040061-2,04,1,2004-05-15,2004-07-12,1
626,20040062-1,03,1,NA,NA,2
627,20040062-1,04,2,2004-05-12,2004-07-12,2
1751,20040062-2,03,1,NA,NA,2
1752,20040062-2,04,2,2004-05-12,2004-07-12,2
1753,20040063-1,05,1,2001-04-11,2004-04-22,2
1754,20040063-1,04,2,2004-06-30,2004-09-17,2
1300,20040063-2,05,1,2001-04-11,2004-04-22,2
1301,20040063-2,04,2,2004-06-30,2004-09-17,2
1302,20040063-3,05,1,2001-04-11,2004-04-22,2
1303,20040063-3,04,2,2004-06-30,2004-09-17,2
1304,20040063-4,05,1,2001-04-11,2004-04-22,2
1305,20040063-4,04,2,2004-06-30,2004-09-17,2
1306,20040063-5,05,1,2001-04-11,2004-04-22,2
1307,20040063-5,04,2,2004-06-30,2004-09-17,2
1308,20040063-6,05,1,2001-04-11,2004-04-22,2
1309,20040063-6,04,2,2004-06-30,2004-09-17,2
1310,20040063-7,05,1,2001-04-11,2004-04-22,2
1311,20040063-7,04,2,2004-06-30,2004-09-17,2
1312,20040063-8,05,1,2001-04-11,2004-04-22,2
1313,20040063-8,04,2,2004-06-30,2004-09-17,2
662,20040065-1,04,1,2003-11-15,2004-03-31,1
1333,20040066-1,05,1,2003-06-30,2003-06-30,2
1334,20040066-1,04,2,2004-07-02,2004-09-17,2
969,20040067-1,03,1,1999-06-21,2004-06-14,2
970,20040067-1,04,2,2004-07-02,2004-09-17,2
663,20040069-1,04,1,2004-01-15,2004-07-15,1
628,20040071-1,05,1,2003-02-15,2003-02-15,1
1119,20040072-1,04,1,2003-08-20,2003-11-30,1
664,20040073-1,04,1,2003-10-31,2004-02-15,1
971,20040074-1,05,1,2000-12-14,2000-12-14,3
972,20040074-1,03,2,NA,2001-12-21,3
973,20040074-1,04,3,2003-03-14,2003-05-30,3
974,20040077-1,04,1,2004-04-02,2004-07-09,1
1755,20040077-2,04,1,2004-04-02,2004-07-09,1
629,20040078-1,03,1,2003-01-15,NA,3
630,20040078-1,05,2,NA,NA,3
631,20040078-1,04,3,2004-03-10,2004-06-30,3
668,20040079-1,05,1,2003-10-31,na,1
670,20040080-1,01,1,2004-10-01,2004-10-01,2
671,20040080-1,05,2,2004-11-01,na,2
1756,20040080-2,01,1,2004-10-01,2004-10-01,2
1757,20040080-2,05,2,2004-11-01,NA,2
1758,20040080-3,01,1,2004-10-01,2004-10-01,2
1759,20040080-3,05,2,2004-11-01,NA,2
672,20040081-1,04,1,2004-02-28,2004-04-30,1
1760,20040083-1,03,1,na,na,2
1761,20040083-1,04,2,2004-06-30,2004-09-30,2
673,20040083-2,03,1,na,na,2
678,20040083-2,04,2,2004-06-30,2004-09-30,2
1762,20040083-3,03,1,na,na,2
1763,20040083-3,04,2,2004-06-30,2004-09-30,2
975,20040084-1,03,1,NA,2003-07-04,1
680,20040085-1,04,1,2006-05-15,2006-08-04,1
977,20040086-1,04,1,2004-06-30,2004-09-15,1
750,20040430-1,04,1,2008-11-07,2009-02-03,1
632,20040439-1,04,1,2011-02-28,2011-05-31,1
978,20040444-1,04,1,2007-01-19,2007-04-23,1
979,20040457-1,04,1,2007-03-09,2007-06-15,1
980,20040463-1,04,1,2006-04-11,2006-06-30,1
981,20040472-1,04,1,2011-12-05,2012-03-05,1
633,20040476-1,04,1,2006-10-04,2007-01-09,1
1094,20050016-1,03,1,2002-04-16,2002-04-17,1
634,20050017-1,03,1,NA,NA,2
635,20050017-1,05,2,NA,NA,2
982,20050025-1,04,1,2004-06-23,2004-09-24,1
683,20050027-1,04,1,2002-09-11,2003-15-01,1
1764,20050028-1,04,1,2003-12-19,2004-04-30,1
1765,20050028-10,04,1,2003-12-19,2004-04-30,1
1253,20050028-11,04,1,2003-12-19,2004-04-30,1
1766,20050028-2,04,1,2003-12-19,2004-04-30,1
1772,20050028-3,04,1,2003-12-19,2004-04-30,1
1771,20050028-4,04,1,2003-12-19,2004-04-30,1
1770,20050028-5,04,1,2003-12-19,2004-04-30,1
1769,20050028-6,04,1,2003-12-19,2004-04-30,1
1768,20050028-7,04,1,2003-12-19,2004-04-30,1
1767,20050028-8,04,1,2003-12-19,2004-04-30,1
1254,20050028-9,04,1,2003-12-19,2004-04-30,1
1095,20050030-1,04,1,2003-10-15,2004-02-01,1
751,20050034-1,04,1,2004-09-24,2004-11-01,2
752,20050034-1,05,2,2004-10-22,2004-10-22,2
1096,20050040-1,04,1,2001-12-11,2002-04-30,2
1097,20050040-1,04,2,2004-07-01,2004-10-31,2
1098,20050040-2,04,1,2001-12-11,2002-04-30,2
1099,20050040-2,04,2,2004-07-01,2004-10-31,2
636,20050046-1,05,1,2003-06-30,2003-06-30,1
637,20050046-2,05,1,2003-06-30,2003-06-30,1
1141,20050052-1,02,1,2004-08-12,2005-06-02,3
1142,20050052-1,03,2,NA,NA,3
1143,20050052-1,04,3,2004-09-24,2004-12-31,3
1773,20050052-2,02,1,2004-08-12,2005-06-02,3
1774,20050052-2,03,2,NA,NA,3
1775,20050052-2,04,3,2004-09-24,2004-12-31,3
2151,20050053-1,02,2,2004-08-12,2005-06-02,2
753,20050053-1,04,1,2004-10-05,2004-12-31,2
754,20050053-2,04,1,2004-10-05,2004-12-31,1
1777,20050057-1,04,2,2004-10-20,2005-01-20,1
1429,20050057-2,04,1,2004-06-11,2005-01-20,1
921,20050058-1,02,1,2000-01-31,2001-07-12,3
922,20050058-1,03,2,2002-06-01,2002-08-31,3
923,20050058-1,04,3,2003-12-15,2004-04-30,3
983,20050058-2,03,1,2000-01-31,2001-07-12,3
984,20050058-2,05,2,2000-08-15,2002-02-15,3
985,20050058-2,04,3,2003-12-15,2004-04-30,3
986,20050060-1,05,1,2004-08-15,2004-08-15,3
987,20050060-1,04,2,2004-09-15,2004-12-15,3
988,20050060-1,05,3,2005-03-15,2005-04-07,3
1778,20050063-1,04,1,NA,NA,1
861,20050065-1,04,1,2003-02-12,2003-05-31,2
862,20050065-1,04,2,2005-04-05,2005-06-24,2
924,20050070-1,04,1,2004-09-24,2005-02-15,1
1779,20050070-2,04,1,2004-09-24,2005-02-15,1
639,20050071-1,04,1,2004-03-18,2004-05-28,1
1780,20050071-2,04,1,2004-03-18,2004-05-28,1
925,20050072-1,03,1,2002-02-15,NA,2
926,20050072-1,04,2,2004-02-15,NA,2
928,20050073-1,05,1,2005-08-11,2005-08-11,1
927,20050073-2,05,1,2005-08-11,2005-08-11,1
1781,20050073-3,05,1,2005-08-11,2005-08-11,1
863,20050074-1,04,1,2003-12-15,2004-03-31,1
929,20050075-1,05,1,2004-06-15,2004-08-15,2
930,20050075-1,04,2,2005-03-11,2005-06-30,2
1782,20050076-1,03,1,2003-06-15,2003-06-15,1
889,20050078-1,03,1,2000-07-03,2002-06-25,2
890,20050078-1,04,2,2002-12-18,2003-04-10,2
891,20050079-1,04,1,2003-01-22,2003-04-30,2
892,20050079-1,04,2,2004-06-08,2004-07-23,2
931,20050080-1,04,1,2004-05-15,2004-08-15,1
1184,20050080-2,04,1,2004-04-28,2004-08-31,2
1185,20050080-2,05,2,2005-06-30,2005-06-30,2
932,20050080-3,04,1,2004-05-15,2004-08-15,1
1783,20050080-4,04,1,2004-05-15,2004-08-15,2
1784,20050080-4,05,2,2005-06-30,2005-06-30,2
1186,20050080-5,04,1,2004-04-28,2004-08-31,2
1187,20050080-5,05,2,2005-06-30,2005-06-30,2
893,20050081-1,03,1,2004-05-15,2004-07-31,2
894,20050081-1,04,2,2004-09-15,2004-12-15,2
1256,20050082-1,03,1,NA,NA,3
1258,20050082-1,04,2,2001-12-15,2002-04-30,3
1259,20050082-1,04,3,2004-07-01,2004-10-31,3
1255,20050082-2,03,1,NA,NA,3
1257,20050082-2,04,2,2001-12-15,2002-04-30,3
1260,20050082-2,04,3,2004-07-01,2004-10-31,3
895,20050083-1,04,1,2003-01-22,2003-04-30,1
1785,20050083-2,04,1,2003-01-22,2003-04-30,1
933,20050084-1,04,1,2005-04-27,2005-08-02,1
1074,20050086-1,04,1,2005-04-13,2005-07-15,1
1787,20050086-2,04,2,2005-04-13,2005-07-15,1
1415,20050088-1,01,1,2003-12-15,2004-03-30,2
1416,20050088-1,04,2,2004-10-01,2005-01-31,2
1788,20050091-1,05,1,2004-06-15,NA,2
1789,20050091-1,05,2,2005-07-15,NA,2
640,20050092-1,03,1,1994-05-15,1997-12-15,4
641,20050092-1,05,2,NA,NA,4
642,20050092-1,05,3,1999-03-15,2001-06-15,4
643,20050092-1,04,4,2001-06-15,2002-02-28,4
644,20050092-2,03,1,1994-05-15,1997-12-15,4
645,20050092-2,05,2,NA,NA,4
646,20050092-2,05,3,1999-03-15,2001-06-15,4
647,20050092-2,04,4,2001-06-15,2002-02-28,4
896,20050404-1,04,1,2009-03-16,2009-06-22,1
1265,20050449-1,04,1,2005-05-24,2005-09-02,1
1790,20050449-2,04,1,2005-05-24,2005-09-02,1
904,20050463-1,04,1,2007-07-02,2007-10-05,1
989,20060008-1,03,1,NA,NA,3
990,20060008-1,04,2,2002-09-20,2002-12-20,3
991,20060008-1,04,3,2003-09-22,2003-11-14,3
992,20060009-1,05,1,1997-12-15,2000-11-15,3
993,20060009-1,05,2,NA,NA,3
994,20060009-1,04,3,2004-12-07,2005-02-28,3
684,20060017-1,03,1,1998-11-15,2000-11-15,3
685,20060017-1,04,2,2000-11-15,na,3
686,20060017-1,03,3,2001-11-30,2005-02-15,3
687,20060017-2,03,1,1998-11-15,2000-11-15,3
688,20060017-2,04,2,2000-11-15,na,3
689,20060017-2,03,3,2001-11-30,2005-02-15,3
995,20060023-1,05,1,NA,NA,1
1791,20060027-1,05,1,NA,NA,1
1792,20060027-2,05,1,NA,NA,1
690,20060031-1,04,1,2004-10-01,2005-01-31,1
1120,20060031-2,04,1,2004-10-01,2005-01-31,1
908,20060034-1,04,1,2005-06-23,2005-10-30,1
692,20060035-1,04,1,2004-10-21,2005-01-21,1
1004,20060037-1,04,1,2005-09-23,2005-12-31,1
1007,20060038-1,04,1,2005-09-14,2005-12-16,2
1008,20060038-1,02,2,2006-03-15,2006-03-15,2
1010,20060038-2,04,1,2005-09-14,2005-12-16,2
1015,20060038-2,02,2,2006-03-15,2006-03-15,2
1011,20060038-3,04,1,2005-09-14,2005-12-16,2
1016,20060038-3,02,2,2006-03-15,2006-03-15,2
1012,20060038-4,04,1,2005-09-14,2005-12-16,2
1017,20060038-4,02,2,2006-03-15,2006-03-15,2
1013,20060038-5,04,1,2005-09-14,2005-12-16,2
1018,20060038-5,02,2,2006-03-15,2006-03-15,2
1014,20060038-6,04,1,2005-09-14,2005-12-16,2
1019,20060038-6,02,2,2006-03-15,2006-03-15,2
1793,20060038-7,04,1,2005-09-14,2005-12-16,2
1794,20060038-7,02,2,2006-03-15,2006-03-15,2
1795,20060044-1,05,1,NA,NA,1
693,20060046-1,04,1,na,2005-06-15,1
1796,20060049-1,03,1,2005-07-11,2006-01-25,1
1020,20060050-1,04,1,NA,NA,1
1797,20060050-2,04,1,NA,NA,1
1798,20060053-1,04,1,2004-11-15,2005-02-28,1
1799,20060053-2,04,1,2004-11-15,2005-02-28,1
696,20060053-3,04,1,2004-11-15,2005-02-28,1
1535,20060060-1,03,1,1992-12-02,1994-08-15,3
913,20060060-1,04,2,1999-10-07,2000-03-31,3
914,20060060-1,04,3,2001-09-15,2001-12-20,3
705,20060062-1,03,1,1999-04-15,2002-02-01,2
706,20060062-1,04,2,2003-06-31,2003-12-31,2
707,20060063-1,03,1,1993-06-30,1995-07-15,5
708,20060063-1,05,2,1995-09-15,1995-09-15,5
709,20060063-1,03,3,1996-10-15,1998-06-30,5
710,20060063-1,03,4,1999-06-30,2002-10-31,5
711,20060063-1,04,5,2003-07-31,2004-01-15,5
1800,20060065-1,05,1,NA,NA,1
1801,20060067-1,05,1,NA,NA,1
1802,20060070-1,04,1,1995-06-15,1995-06-15,1
1803,20060071-1,05,1,NA,NA,1
733,20060074-1,04,1,2006-01-11,2006-04-20,1
916,20060077-1,04,1,2005-06-22,2005-11-30,1
1804,20060078-1,05,1,NA,NA,2
1805,20060078-1,05,2,NA,NA,2
918,20060081-1,04,1,2001-09-15,2001-12-20,2
919,20060081-1,04,2,2005-12-21,2006-03-31,2
1021,20060085-1,04,1,2003-07-07,2003-10-10,1
734,20060089-1,03,1,2001-06-30,2003-01-15,3
735,20060089-1,03,2,2004-02-15,2004-06-15,3
736,20060089-1,05,3,na,na,3
1121,20060089-2,03,1,2001-06-30,2003-01-15,3
1122,20060089-2,03,2,2003-04-30,2004-06-30,3
1123,20060089-2,04,3,na,2005-05-28,3
1022,20060092-1,03,1,2004-01-15,2004-11-15,2
1023,20060092-1,04,2,2006-01-25,2006-04-30,2
738,20060093-1,05,1,na,2005-09-30,2
740,20060093-1,01,2,na,2006-06-31,2
1806,20060093-2,05,1,NA,2005-09-30,2
1807,20060093-2,01,2,NA,2006-06-31,2
1339,20060094-1,04,1,2006-07-05,2006-10-13,1
1340,20060094-2,04,1,2006-07-05,2006-10-13,1
1808,20060094-3,04,1,2006-07-05,2006-10-13,1
1337,20060094-4,04,1,2006-07-05,2006-10-13,1
1100,20060096-1,04,1,2006-01-25,2006-04-30,1
1809,20060098-1,05,1,2006-03-10,NA,1
1810,20060098-2,05,1,2006-03-10,NA,1
920,20060102-1,04,1,2005-01-12,2005-04-15,1
1076,20060103-1,04,1,2006-05-17,2006-08-24,1
1101,20060105-1,04,1,2005-09-23,2005-12-31,1
1811,20060400-1,05,1,2005-11-21,2005-11-21,1
1077,20060414-1,04,1,2007-07-02,2007-10-15,1
1266,20060425-1,04,1,2006-10-20,2007-02-15,1
741,20060441-1,04,1,2012-08-23,2012-12-21,1
1401,20060458-1,04,1,2007-08-27,NA,1
934,20060463-1,04,1,2008-02-01,2008-04-30,1
1269,20060490-1,04,1,2010-09-20,2011-01-21,1
1812,20070012-1,05,1,NA,NA,1
1813,20070012-10,05,1,NA,NA,1
1814,20070012-11,05,1,NA,NA,1
1078,20070012-12,05,1,NA,NA,1
1815,20070012-13,05,1,NA,NA,1
1816,20070012-14,05,1,NA,NA,1
1817,20070012-15,05,1,NA,NA,1
1818,20070012-16,05,1,NA,NA,1
1819,20070012-2,05,1,NA,NA,1
1820,20070012-3,05,1,NA,NA,1
1821,20070012-4,05,1,NA,NA,1
1822,20070012-5,05,1,NA,NA,1
1823,20070012-6,05,1,NA,NA,1
1824,20070012-7,05,1,NA,NA,1
1825,20070012-8,05,1,NA,NA,1
1826,20070012-9,05,1,NA,NA,1
1827,20070019-1,05,1,NA,NA,1
1828,20070024-1,04,1,NA,2006-12-21,1
1271,20070024-2,04,1,NA,2006-12-21,1
1829,20070024-3,04,1,NA,2006-12-21,1
1830,20070024-4,04,1,NA,2006-12-21,1
1272,20070024-5,04,1,NA,2006-12-21,1
1831,20070024-6,04,1,NA,2006-12-21,1
1832,20070025-1,05,1,NA,NA,1
1833,20070025-2,05,1,NA,NA,1
1102,20070029-1,03,1,2005-03-10,2005-12-06,2
1103,20070029-1,04,2,2006-07-05,2006-10-31,2
1079,20070030-1,05,1,2006-12-15,206-12-15,1
1598,20070033-1,04,1,2005-07-04,2005-11-30,1
1834,20070038-1,05,1,2007-05-02,2007-05-02,1
1835,20070038-2,05,1,2007-05-02,2007-05-02,1
1836,20070038-3,05,1,2007-05-02,2007-05-02,1
935,20070039-1,04,1,2005-06-29,2005-09-30,2
936,20070039-1,04,2,2006-09-29,2007-01-08,2
1274,20070043-1,04,1,2005-05-15,2005-10-31,1
1596,20070044-1,04,1,2005-06-15,2005-10-31,2
1597,20070044-1,02,2,2005-08-31,2006-05-16,2
1104,20070045-1,04,1,2005-26-29,2005-10-31,1
996,20070047-1,04,1,na,2006-10-16,1
1837,20070047-2,04,1,NA,2006-10-16,1
997,20070047-3,04,1,na,2006-10-16,1
998,20070047-4,04,1,na,2006-10-16,1
1838,20070047-5,04,1,NA,2006-10-16,1
1839,20070047-6,04,1,NA,2006-10-16,1
1593,20070052-1,04,1,2005-10-26,2006-02-28,1
1275,20070053-1,04,1,2006-09-06,2006-12-06,1
1276,20070055-1,02,1,NA,2004-04-15,3
1277,20070055-1,03,2,2004-08-15,2005-12-01,3
1278,20070055-1,04,3,2006-07-10,2006-10-31,3
1279,20070055-2,02,1,NA,2004-04-15,3
1280,20070055-2,03,2,2004-08-15,2005-12-01,3
1281,20070055-2,04,3,2006-07-10,2006-10-31,3
1592,20070057-1,04,1,2006-07-05,2006-10-15,1
744,20070061-1,03,1,1999-06-15,2002-11-22,3
745,20070061-1,03,2,2000-06-14,2003-06-30,3
746,20070061-1,04,3,2004-04-21,2004-11-30,3
748,20070062-1,04,1,na,2005-08-02,1
1081,20070063-2,04,1,2007-02-28,2007-04-30,1
774,20070064-1,03,1,2003-10-22,na,4
775,20070064-1,05,2,2004-02-15,na,4
776,20070064-1,04,3,2005-01-12,2005-04-15,4
777,20070064-1,05,4,2007-01-15,2007-02-15,4
1072,20070066-1,04,1,2006-10-15,2007-01-26,1
1587,20070067-1,04,1,2007-01-18,2007-04-20,1
1589,20070067-2,04,1,2007-01-18,2007-04-20,1
1590,20070067-3,04,1,2007-01-18,2007-04-20,2
1591,20070067-3,05,2,2007-04-30,2007-04-30,2
787,20070071-1,04,1,2006-11-20,2007-03-15,1
1383,20070072-1,04,1,2006-04-30,2006-05-31,1
937,20070075-1,04,1,2007-04-10,2007-07-09,1
1176,20070076-1,04,1,2006-12-15,2007-03-26,1
1182,20070077-1,04,1,2006-12-15,2007-03-26,1
1082,20070079-1,05,1,2007-07-06,2007-07-26,1
1338,20070082-1,04,1,2007-04-16,2007-07-06,1
1840,20070082-2,04,1,2007-04-16,2007-07-06,1
1841,20070082-3,04,1,2007-04-16,2007-07-06,1
1842,20070082-4,04,1,2007-04-16,2007-07-06,1
1843,20070082-5,04,1,2007-04-16,2007-07-06,1
1844,20070082-6,04,1,2007-04-16,2007-07-06,1
1384,20070083-1,04,1,2007-03-28,2007-06-30,1
1282,20070083-2,04,1,2007-03-28,2007-06-30,1
1845,20070090-1,05,1,NA,NA,1
938,20070091-1,03,1,2006-10-31,2007-05-01,1
1385,20070095-1,04,1,2007-05-02,2007-08-15,1
1386,20070095-2,04,1,2007-05-02,2007-08-15,1
1387,20070095-3,04,1,2007-05-02,2007-08-15,1
1388,20070095-4,04,1,2007-05-02,2007-08-15,1
1124,20070098-1,04,1,2006-11-29,2007-03-30,1
1283,20070099-1,04,1,2006-11-29,2007-03-30,1
1846,20070099-2,04,1,2006-11-29,2007-03-30,1
1323,20070419-1,04,1,2010-11-22,2011-03-04,1
939,20070429-1,04,1,2008-04-16,2008-07-16,1
940,20070455-1,04,1,2011-05-25,2011-08-31,1
790,20070492-1,04,1,2008-04-30,2008-06-30,1
941,20070500-1,04,1,2012-09-17,2012-12-21,1
1284,20080010-1,04,1,2007-04-18,2007-06-30,1
1261,20080011-2,03,1,2002-10-15,2003-09-30,2
1264,20080011-2,04,2,2005-12-02,2006-05-31,2
1262,20080011-3,03,1,2002-10-15,2003-09-30,2
1263,20080011-3,04,2,2005-12-02,2006-05-31,2
1125,20080012-1,04,1,2006-09-06,2007-01-31,1
1105,20080022-1,04,1,2006-12-11,2007-03-15,1
1285,20080026-1,04,1,NA,2007-10-15,1
1286,20080026-2,04,1,NA,2007-10-15,1
1554,20080027-1,04,1,NA,NA,1
1536,20080027-2,04,1,NA,NA,1
1267,20080029-1,04,1,2008-01-23,2008-02-27,1
1268,20080029-2,04,1,2008-01-30,2008-02-27,1
1190,20080034-1,04,1,2005-08-17,2005-12-31,1
1847,20080044-1,04,1,2007-06-18,2007-07-05,1
1251,20080046-1,04,1,2007-09-28,2007-10-31,1
1585,20080047-1,02,1,2004-12-01,2006-02-27,2
1586,20080047-1,04,2,2006-12-01,2007-03-15,2
1287,20080047-2,02,1,2004-12-01,2006-02-27,2
1288,20080047-2,04,2,2006-12-01,2007-03-15,2
1126,20080053-1,03,1,NA,2006-05-15,2
1127,20080053-1,04,2,2007-02-14,2007-07-31,2
1583,20080053-2,03,1,NA,2006-05-15,2
1584,20080053-2,04,2,2007-02-14,2007-07-31,2
1324,20080054-1,04,1,2006-11-29,2007-03-16,1
792,20080055-1,04,1,2004-03-15,2006-06-15,1
1848,20080059-1,05,1,NA,NA,1
958,20080062-1,03,1,2005-12-15,2006-11-22,2
959,20080062-1,04,2,2007-12-14,2008-03-28,2
795,20080066-1,03,1,2005-01-15,na,3
796,20080066-1,04,2,2005-06-15,2005-10-30,3
797,20080066-1,04,3,2007-09-31,2007-12-31,3
1291,20080068-1,04,1,2008-04-23,2008-08-04,1
848,20080069-1,03,1,2003-07-15,2004-04-15,4
849,20080069-1,05,2,2005-08-11,2005-08-11,4
850,20080069-1,03,3,2006-03-15,2006-12-15,4
851,20080069-1,04,4,na,2007-10-15,4
1144,20080072-1,05,1,2008-05-28,2005-07-15,1
1849,20080075-1,04,1,2007-10-04,2007-10-31,1
1316,20080076-1,05,1,NA,NA,1
1850,20080077-1,02,1,NA,NA,1
1216,20080078-1,04,1,2008-05-20,2008-08-20,1
960,20080079-1,04,1,2007-12-21,2008-03-31,1
1581,20080081-1,03,1,2007-03-15,2007-11-13,2
1582,20080081-1,04,2,2008-02-27,2008-05-31,2
854,20080314-1,04,1,2008-12-12,2009-04-17,1
1292,20080407-1,05,1,2009-01-27,2009-01-27,2
1293,20080407-1,04,2,2009-06-19,2009-10-15,2
1145,20080421-1,04,1,2008-11-06,2009-03-15,1
1295,20080445-1,04,1,2008-08-25,2009-01-12,1
1129,20080458-1,04,1,2011-05-30,2011-09-16,1
856,20080473-1,04,1,2011-12-02,2012-03-16,1
1130,20080515-1,04,1,2009-03-30,2009-04-24,1
1852,20090012-1,05,1,NA,NA,1
1217,20090018-1,04,1,2008-09-19,2008-11-26,1
1212,20090021-1,04,1,2008-05-30,2008-09-12,1
1214,20090022-1,03,1,2008-04-08,2009-06-30,2
1215,20090022-1,04,2,2008-09-10,2008-11-21,2
1106,20090024-1,05,1,NA,NA,1
1853,20090025-1,01,1,NA,NA,1
1854,20090026-1,04,1,2009-07-21,2009-07-31,1
1855,20090027-1,04,1,2007-01-23,2007-02-13,1
1856,20090028-1,05,1,NA,NA,1
1857,20090030-1,01,1,NA,NA,1
961,20090032-1,04,1,2008-12-05,2009-01-15,1
1579,20090038-1,05,1,2009-05-11,2009-05-13,1
1851,20090038-2,05,1,2009-05-11,2009-05-13,1
1298,20090044-1,04,1,2008-09-26,2008-12-30,1
1417,20090044-2,04,1,2008-09-26,2008-12-30,1
1131,20090045-1,04,1,2006-12-15,2007-06-30,3
1132,20090045-1,04,3,2009-02-11,2009-04-15,3
1133,20090045-1,03,2,NA,NA,3
1220,20090047-1,04,1,2008-06-19,2008-10-03,1
1219,20090047-2,04,1,2008-06-19,2008-10-03,1
1578,20090048-1,04,1,2008-10-22,2009-01-31,1
1146,20090049-1,04,1,2008-03-18,2008-06-16,1
1147,20090050-1,04,1,2008-03-18,2008-06-16,1
1107,20090051-1,05,1,2009-02-24,2009-03-16,1
1577,20090053-1,05,1,2009-05-06,2009-05-15,1
859,20090056-1,04,1,na,2009-02-13,1
1299,20090057-1,04,1,2007-09-25,2008-01-31,1
1576,20090060-1,04,1,2009-01-14,2009-04-15,1
1252,20090060-3,04,1,2009-01-14,2009-04-15,1
1314,20090061-1,04,1,NA,2009-02-13,1
1223,20090067-1,04,1,2008-12-05,2009-03-17,1
1044,20090068-1,04,1,2009-03-13,2009-05-08,1
1045,20090069-1,04,1,2008-06-09,2008-09-30,1
1221,20090073-1,04,1,2009-05-13,2009-08-14,1
1149,20090075-1,03,1,2001-10-15,2002-12-11,2
1150,20090075-1,04,2,2005-06-22,2005-10-31,2
1572,20090076-1,03,1,2005-09-05,2006-06-15,3
1574,20090076-1,02,2,2005-05-05,2006-10-15,3
1575,20090076-1,04,3,2008-06-25,2008-10-31,3
1315,20090079-1,04,1,2006-02-01,2006-05-30,1
1151,20090080-1,04,1,2009-01-29,2009-04-29,1
1318,20090082-1,04,1,NA,2008-09-30,1
1319,20090082-2,04,1,NA,2008-09-30,1
1858,20090083-1,04,3,2008-12-19,2009-04-17,3
1859,20090083-1,03,2,NA,NA,3
1860,20090083-1,05,1,NA,NA,3
1861,20090084-1,04,1,2008-12-19,2009-04-17,1
1240,20090085-1,04,1,2009-06-24,2009-10-07,1
1241,20090085-2,04,1,2009-06-24,2009-10-07,1
873,20090086-1,04,1,2007-11-28,2008-03-31,1
874,20090086-2,04,1,2007-11-28,2008-03-31,1
1242,20090087-1,04,1,2010-07-12,2010-09-15,1
1243,20090087-2,04,1,2009-01-12,2009-04-15,1
1046,20090089-1,04,1,2008-12-12,2009-03-31,1
1047,20090090-1,04,1,2009-06-24,2009-10-05,1
875,20090430-1,04,1,na,2013-01-15,1
876,20090439-1,04,1,2010-10-21,2011-01-21,1
877,20090462-1,04,1,2011-02-23,2011-05-23,1
942,20090473-1,05,1,2009-09-21,2009-09-21,1
1152,20090474-1,05,1,2009-06-25,2009-06-25,2
1153,20090474-1,04,2,2010-09-15,2010-12-15,2
1320,20090477-1,04,2,2011-12-06,2012-03-20,2
1321,20090477-1,03,1,NA,NA,2
943,20090480-1,04,1,2010-10-21,2011-02-28,1
949,20090499-1,05,1,NA,NA,2
950,20090499-1,04,2,2010-11-25,2011-03-10,2
1570,20090510-1,04,1,2011-01-20,2011-03-04,1
1862,20090510-2,04,1,2011-01-20,2011-03-04,1
1224,20100017-2,04,1,2008-12-05,2009-03-17,2
1225,20100017-2,05,2,NA,NA,2
878,20100019-1,05,1,2009-10-06,2009-10-06,1
1061,20100026-1,04,1,2009-07-01,2009-10-15,1
1869,20100026-2,04,1,2009-07-01,2009-10-15,1
1109,20100030-1,04,1,2009-09-11,2009-12-11,1
1154,20100031-1,03,1,2008-08-25,2009-02-19,2
1155,20100031-1,04,2,2009-06-29,2009-08-28,2
1352,20100032-1,04,1,2009-06-17,2009-10-15,1
1062,20100036-1,04,1,2008-07-02,2008-11-03,1
1063,20100037-1,04,1,2009-05-06,2009-09-06,1
1064,20100039-1,04,1,2010-02-24,2010-04-16,1
1156,20100040-1,04,1,2008-11-20,2009-03-01,1
1157,20100049-1,04,1,2009-09-11,2009-12-31,1
1158,20100049-2,04,1,2009-09-11,2009-12-31,1
1159,20100049-3,04,1,2009-09-11,2009-12-31,1
1863,20100050-1,03,1,2009-09-15,2010-04-10,1
1569,20100051-1,04,1,2008-05-30,2008-11-15,1
1226,20100052-1,04,1,2009-01-12,2009-04-15,3
1227,20100052-1,03,2,2009-08-24,2009-10-30,3
1228,20100052-1,04,3,2009-12-16,2010-03-22,3
1568,20100052-2,05,1,2011-07-07,2011-08-04,1
1229,20100052-3,04,1,2009-01-12,2009-04-15,3
1230,20100052-3,03,2,2009-08-24,2009-10-30,3
1231,20100052-3,04,3,2009-12-16,2010-03-22,3
1110,20100058-1,04,1,2009-03-13,2009-06-30,1
1567,20100060-2,04,1,2009-11-04,2010-02-15,1
1353,20100061-1,05,1,2010-04-20,2010-05-14,1
1870,20100061-2,05,1,2010-04-20,2010-05-14,1
1871,20100061-3,05,1,2010-04-20,2010-05-14,1
1872,20100061-4,05,1,2010-04-20,2010-05-14,1
1873,20100064-1,05,1,2010-01-20,NA,1
1874,20100067-1,03,1,NA,NA,1
1865,20100070-1,05,1,NA,NA,1
1866,20100072-1,05,1,NA,NA,1
1566,20100075-1,04,1,2010-04-14,2010-05-28,1
1355,20100075-2,04,1,2008-09-19,2009-01-05,1
1867,20100076-1,03,1,2008-06-15,2008-06-15,1
1160,20100077-1,03,1,2003-07-15,2005-03-15,3
1161,20100077-1,03,2,2006-08-15,2008-06-15,3
1162,20100077-1,04,3,2009-01-28,2009-05-08,3
944,20100078-1,04,1,na,2010-05-31,1
1868,20100082-1,05,1,NA,NA,1
1163,20100083-1,04,1,2010-04-13,2010-06-11,1
1565,20100084-1,04,1,2010-02-09,2010-05-10,1
1164,20100087-1,03,1,NA,2006-06-30,1
1864,20100089-1,05,1,NA,NA,1
1356,20100092-1,04,1,2008-11-05,2009-03-15,1
1876,20100092-2,04,1,2008-11-05,2009-03-15,1
1165,20100094-1,04,1,2010-04-14,2010-07-31,1
1166,20100094-2,04,1,2010-04-14,2010-07-31,1
1065,20100097-1,04,1,2009-11-27,2010-03-15,1
1357,20100100-1,04,1,2010-04-15,2010-07-02,1
1430,20100100-2,04,1,2010-04-15,2010-07-02,1
1431,20100100-3,04,1,2010-04-15,2010-07-02,1
1066,20100107-1,04,1,2007-12-21,2008-03-31,1
945,20100108-1,05,1,2010-11-15,2010-11-30,1
1875,20100109-1,03,1,2005-09-15,2009-09-15,1
1167,20100110-1,05,1,NA,NA,1
952,20100324-1,04,1,2012-04-02,2012-07-12,1
1168,20100444-1,04,1,2011-10-31,2011-12-31,1
946,20100450-1,04,1,2013-11-29,2014-02-28,1
1564,20100459-1,04,1,2010-11-02,2010-12-24,1
947,20100467-1,04,1,2013-06-07,2013-09-30,1
1169,20110018-1,04,1,2008-11-05,2009-02-15,1
1877,20110019-3,04,2,2010-06-25,2010-10-01,2
1878,20110019-3,03,1,NA,NA,2
1879,20110019-4,03,1,NA,NA,2
1880,20110019-4,04,2,2010-06-25,2010-10-01,2
1244,20110019-7,04,1,2010-06-25,2010-10-01,1
1881,20110020-1,05,1,2010-08-25,2010-11-24,1
1882,20110020-2,05,1,2010-08-25,2010-11-24,1
1883,20110020-3,05,1,2010-08-25,2010-11-24,1
1884,20110020-4,05,1,2010-08-25,2010-11-24,1
1885,20110020-5,05,1,2010-08-25,2010-11-24,1
1886,20110020-6,05,1,2010-08-25,2010-11-24,1
1887,20110020-7,05,1,2010-08-25,2010-11-24,1
1888,20110020-8,05,1,2010-08-25,2010-11-24,1
1067,20110022-1,04,1,2009-12-16,2010-03-22,1
948,20110023-1,04,1,2010-04-14,2010-08-07,1
1068,20110024-1,04,1,2010-10-20,2011-01-15,1
1170,20110028-1,03,1,2009-11-04,2010-09-30,2
1171,20110028-1,04,2,2010-12-22,2011-03-23,2
1562,20110030-1,04,1,2010-06-23,2010-10-15,1
1234,20110030-2,04,1,2010-06-23,2010-10-15,1
1563,20110030-3,04,1,2010-06-23,2010-10-15,1
1235,20110034-1,04,1,2009-07-01,2009-10-16,1
1237,20110035-1,04,1,2010-05-12,2010-09-02,1
1236,20110035-2,04,1,2010-05-12,2010-09-02,1
1358,20110036-1,04,1,2010-11-17,2011-02-25,1
1418,20110036-2,04,1,2010-11-17,2011-02-25,1
951,20110039-1,04,1,2010-05-26,2010-10-04,1
1069,20110043-1,04,1,2010-09-08,2010-12-17,1
1359,20110044-1,04,1,2011-01-12,2011-04-13,1
1172,20110047-1,04,1,2010-12-22,2011-03-23,1
1360,20110049-1,04,1,2008-09-19,2009-01-05,2
1361,20110049-1,05,2,2011-04-15,2011-05-15,2
1070,20110050-1,03,1,2007-09-21,2009-01-29,2
1071,20110050-1,04,2,2010-01-13,2010-04-30,2
1362,20110058-1,04,1,2010-05-12,2010-08-31,1
953,20110059-1,04,1,2010-05-12,2010-08-12,1
1364,20110060-1,04,1,2010-05-12,2010-08-31,1
1325,20110062-2,04,1,2011-04-07,2011-07-06,1
1083,20110068-1,04,1,2010-10-01,2011-01-21,1
1173,20110069-1,04,1,2009-10-28,2010-02-28,1
1174,20110070-1,04,1,2009-01-28,2009-04-30,1
1326,20110073-1,05,1,NA,NA,1
1365,20110431-1,04,1,2012-11-12,2013-02-22,1
954,20110446-1,04,1,2013-05-15,2013-08-30,1
955,20110457-1,05,1,2012-10-26,2012-10-26,2
956,20110457-1,04,2,2013-05-24,2013-10-18,2
1175,20110466-1,04,1,2013-06-25,2013-10-15,1
957,20110473-1,04,1,2013-02-27,2013-03-06,1
1342,20120016-2,03,1,2010-06-30,NA,1
1177,20120016-3,03,1,2010-06-30,NA,1
1341,20120016-4,03,1,2010-06-30,NA,1
1898,20120016-5,03,1,2010-06-30,NA,1
1178,20120018-1,04,1,2008-07-02,2008-10-15,3
1179,20120018-1,04,2,2008-12-19,2009-04-17,3
1181,20120018-1,05,3,2010-06-28,2010-09-28,3
1183,20120018-2,04,1,2011-03-30,2011-07-08,1
1902,20120018-3,04,1,2008-12-19,2009-04-17,1
1599,20120018-4,04,1,2008-07-07,2008-10-15,1
1331,20120021-1,03,1,NA,2011-10-31,2
1332,20120021-1,04,2,2011-10-16,2011-12-16,2
1903,20120021-2,03,1,NA,2011-10-31,2
1904,20120021-2,04,2,2011-10-16,2011-12-16,2
1188,20120026-1,04,1,2011-06-22,2011-09-30,1
1084,20120027-1,04,1,2011-02-04,2011-05-10,1
1559,20120028-1,04,1,2010-06-30,2010-11-19,3
1560,20120028-1,04,2,2011-03-30,2011-07-06,3
1561,20120028-1,04,3,2011-09-23,2011-10-10,3
1270,20120033-17,04,1,2011-11-09,2012-04-13,1
1905,20120033-9,04,1,2011-11-09,2012-04-13,1
1558,20120034-1,04,1,2011-06-29,2011-10-21,1
1895,20120035-1,05,1,NA,NA,1
1085,20120036-1,04,1,2011-06-15,2011-08-31,1
1086,20120037-1,04,1,2011-07-06,2011-10-07,1
1896,20120038-1,05,1,2011-11-08,2011-11-29,1
1906,20120038-2,05,1,2011-11-08,2011-11-29,1
1907,20120038-3,05,1,2011-11-08,2011-11-29,1
1189,20120039-1,04,1,2011-09-23,2011-12-31,1
1191,20120039-2,04,1,2011-09-23,2011-12-31,1
1419,20120044-1,04,1,2009-12-16,2010-03-26,1
1192,20120046-1,05,1,2008-10-15,NA,4
1193,20120046-1,05,2,2009-03-15,2009-03-15,4
1194,20120046-1,05,3,2009-05-15,2009-05-15,4
1195,20120046-1,04,4,2010-06-30,2010-10-30,4
1335,20120047-1,04,1,2007-05-10,2007-08-13,1
1087,20120049-1,04,1,2010-05-26,2010-09-17,1
1939,20120050-1,05,1,NA,NA,1
1940,20120050-2,05,1,NA,NA,1
1366,20120050-3,04,1,2011-10-03,2011-11-18,1
963,20120065-1,04,1,2012-01-18,2012-04-27,1
1327,20120066-1,04,1,2011-08-17,2011-11-30,1
1367,20120069-1,04,1,2011-11-30,2012-03-12,1
1196,20120071-1,05,1,NA,NA,1
1197,20120071-2,05,1,NA,NA,1
1368,20120076-1,04,1,2011-02-23,2011-05-31,1
1889,20120079-1,03,1,NA,NA,2
1890,20120079-1,03,2,NA,NA,2
1891,20120079-3,03,1,NA,NA,2
1892,20120079-3,03,2,NA,NA,2
1088,20120082-1,04,1,2011-10-12,2012-01-21,1
1900,20120091-1,05,1,2012-10-17,2012-10-29,1
1042,20120092-1,04,1,2012-10-24,2012-11-05,1
1369,20120095-1,04,1,2012-05-09,2012-09-10,1
1908,20120095-2,04,1,2012-05-09,2012-09-10,1
1897,20120096-1,05,1,2012-08-28,2012-10-01,1
1422,20120099-1,04,1,2012-09-21,2012-10-25,1
1092,20120100-1,03,1,NA,2008-09-15,2
1093,20120100-1,04,2,2010-12-22,2011-04-15,2
964,20120101-1,05,1,2012-11-16,2012-11-26,1
1370,20120400-1,04,1,2012-09-28,2013-01-31,1
1371,20120434-2,01,1,2013-10-18,NA,1
1909,20130008-1,05,1,NA,NA,1
1910,20130008-2,05,1,NA,NA,1
1108,20130013-1,04,1,2011-04-01,2011-05-30,1
965,20130017-1,04,1,2011-10-12,2012-01-31,1
1911,20130022-1,03,1,NA,NA,1
1198,20130026-1,04,1,2012-06-27,2012-10-19,1
1111,20130027-1,04,1,2012-11-14,2013-01-13,1
966,20130029-1,04,1,2011-06-29,2011-10-21,1
1112,20130031-1,04,1,2012-06-27,2012-10-18,1
1373,20130032-1,04,1,2013-02-14,2013-03-15,1
1423,20130032-2,04,1,2013-02-14,2013-03-15,1
1328,20130034-1,04,1,2012-03-16,2012-09-06,1
1199,20130038-1,03,1,2010-02-15,NA,2
1200,20130038-1,04,2,2011-11-09,2012-04-13,2
1374,20130045-1,04,1,2012-09-21,2012-12-21,1
1913,20130045-2,04,1,2012-09-21,2012-12-21,1
1375,20130048-1,04,1,2012-05-09,2012-08-29,1
1201,20130049-1,03,1,2007-06-30,2009-05-15,3
1202,20130049-1,04,2,2009-12-16,2010-03-31,3
1203,20130049-1,02,3,2010-10-20,2013-03-21,3
1376,20130050-1,02,1,2009-12-08,2010-09-30,3
1377,20130050-1,01,2,2011-05-05,2011-05-06,3
1378,20130050-1,04,3,2011-09-16,2011-12-20,3
1914,20130050-2,02,1,2009-12-08,2010-09-30,3
1915,20130050-2,01,2,2011-05-05,2011-05-06,3
1916,20130050-2,04,3,2011-09-16,2011-12-20,3
1402,20130051-1,04,1,2009-02-19,2009-05-18,2
1403,20130051-1,04,2,2011-06-29,2011-09-30,2
1379,20130051-2,04,1,2009-02-19,2009-05-18,2
1380,20130051-2,04,2,2011-06-29,2011-09-30,2
1381,20130052-1,02,1,2010-09-17,NA,2
1382,20130052-1,04,2,2012-06-01,2012-09-30,2
1000,20130056-1,04,2,2012-05-23,2012-09-30,2
999,20130056-1,03,1,2010-12-22,2011-06-21,2
1392,20130058-1,04,1,2012-10-31,2013-02-14,1
1446,20130058-2,04,1,2012-10-31,2013-02-14,1
1449,20130059-1,05,1,2009-11-27,2010-04-30,2
1450,20130059-1,04,2,2012-04-25,2012-08-31,2
1447,20130060-1,04,1,NA,2014-04-18,1
1113,20130064-1,04,1,2013-02-27,2013-05-31,1
1204,20130066-1,04,1,2012-12-21,2013-02-06,1
1329,20130067-1,05,1,NA,NA,2
1330,20130067-1,02,2,NA,NA,2
1114,20130069-1,04,1,2012-11-21,2013-03-08,1
1205,20130072-1,04,1,2012-06-15,2012-10-11,1
1206,20130072-2,04,1,2012-06-15,2012-10-11,1
1556,20130073-1,05,1,2011-06-30,NA,2
1557,20130073-1,05,2,2012-07-15,NA,2
1350,20130076-1,03,1,NA,NA,2
1351,20130076-1,04,2,2012-09-21,2012-12-21,2
1001,20130077-1,04,1,2012-12-19,2013-04-21,1
1336,20130082-1,05,1,NA,NA,1
1002,20130083-1,04,1,2013-08-14,2013-09-18,1
1115,20130087-1,04,1,2012-11-15,2013-02-20,1
1003,20130088-1,04,1,2012-11-21,2013-04-08,1
1005,20130090-1,01,1,2009-06-30,2009-06-30,2
1006,20130090-1,04,2,na,2013-06-24,2
1232,20130092-1,05,1,na,na,2
1233,20130092-1,05,2,2012-06-30,na,2
1116,20130099-1,05,1,2013-06-19,2013-07-19,1
1451,20130101-1,05,1,2012-04-30,2012-04-30,3
1452,20130101-1,04,2,2012-07-04,2012-11-07,3
1453,20130101-1,03,3,NA,NA,3
1128,20130103-1,04,1,2013-03-08,2013-06-30,1
1454,20130106-1,04,1,2013-02-27,2013-07-01,1
1117,20130108-1,04,1,2013-08-14,2013-10-14,1
1455,20130109-1,04,1,2013-06-26,2013-08-30,1
1456,20130467-1,04,1,2013-11-19,2014-02-17,1
1918,20140008-1,05,1,NA,NA,1
1424,20140021-1,04,1,2013-06-26,2013-10-20,1
1134,20140022-1,04,1,2013-03-08,2013-06-30,1
1009,20140023-1,04,1,2013-06-26,2013-10-23,1
1920,20140027-1,04,1,2013-04-10,2013-08-07,1
1921,20140028-1,04,2,2013-06-26,2013-10-31,2
1922,20140028-1,03,1,NA,NA,2
1425,20140029-1,04,1,2013-06-14,2013-11-15,1
1426,20140029-2,04,1,2013-06-14,2013-11-15,1
1135,20140031-1,04,1,2013-11-20,2014-02-20,1
1138,20140032-1,04,1,2013-11-20,2014-02-20,1
1136,20140032-2,04,1,2013-11-20,2014-02-20,1
1137,20140032-3,04,1,2013-11-20,2014-02-20,1
1024,20140035-1,04,1,2013-05-15,2013-09-05,1
1207,20140036-1,04,1,2013-04-16,2013-08-15,1
1923,20140036-2,04,1,2013-04-16,2013-08-15,1
1118,20140040-1,04,1,2013-10-09,2014-01-23,1
1245,20140049-1,04,1,2013-12-06,2014-03-21,1
1025,20140051-1,04,1,2013-04-10,2031-07-10,1
1924,20140055-1,03,1,NA,NA,1
1246,20140056-1,05,1,2013-11-22,2013-12-12,1
1247,20140056-2,05,1,2013-11-22,2013-12-12,1
1248,20140056-3,05,1,2014-03-19,2014-04-07,1
1249,20140056-4,05,1,2014-03-19,2014-04-07,1
1026,20140059-1,04,1,2013-09-04,2013-12-13,1
1427,20140060-1,04,1,2014-03-26,2014-07-03,1
1448,20140061-1,04,1,2013-12-13,2014-03-31,1
1208,20140063-1,03,1,2011-06-06,2012-10-29,5
1209,20140063-1,05,2,2012-11-22,2013-01-21,5
1210,20140063-1,05,3,2013-01-21,2014-02-28,5
1211,20140063-1,05,5,2014-03-28,2014-03-28,5
1213,20140063-1,04,4,2013-06-14,2013-10-07,5
1926,20140065-1,05,1,NA,NA,1
1432,20140066-1,04,1,NA,2014-06-30,1
1434,20140066-2,04,1,NA,2014-06-30,1
1927,20140069-4,04,1,2013-06-26,2013-10-17,2
1928,20140069-4,05,2,2013-11-25,2014-02-13,2
1027,20140073-1,04,1,2031-09-13,2031-12-31,1
1139,20140077-1,02,1,2013-11-01,NA,1
1393,20140089-1,04,1,2014-04-30,2014-06-20,1
1140,20140090-1,04,1,2014-01-22,2014-04-29,1
1028,20140096-1,04,1,2014-05-28,2014-09-19,1
1607,20140096-10,04,1,2014-05-28,2014-09-19,1
1029,20140096-2,04,1,2014-05-28,2014-09-19,1
1608,20140096-3,04,1,2014-05-28,2014-09-19,1
1609,20140096-4,04,1,2014-05-28,2014-09-19,1
1610,20140096-5,04,1,2014-05-28,2014-09-19,1
1611,20140096-6,04,1,2014-05-28,2014-09-19,1
1612,20140096-7,04,1,2014-05-28,2014-09-19,1
1613,20140096-8,04,1,2014-05-28,2014-09-19,1
1614,20140096-9,04,1,2014-05-28,2014-09-19,1
1030,20140097-1,04,1,2013-12-13,2014-03-31,1
1929,20150019-2,05,1,NA,NA,1
1932,20150019-3,03,1,NA,NA,1
1931,20150019-4,04,1,2014-06-26,2014-10-16,1
1606,20150022-1,05,1,NA,NA,1
1605,20150026-1,05,1,2014-11-14,2014-11-18,1
1601,20150031-1,05,1,2013-03-30,2014-06-15,1
1602,20150031-2,05,1,2013-03-30,2014-06-15,1
